context,n_15m,detector,atr_mult,buffer,r_target,k_stop,trades,expectancy_r,profit_factor,win_rate_pct,max_drawdown_pct,net_return_pct,fees_paid,exposure_pct,sharpe_annualized,avg_cost_r,avg_stop_pct,trades_per_day,capped_share_pct,share_stop_dominated_pct,ignored_in_position,pct_time_neutral_context,context_state_changes_per_week,no_profile_trades,no_profile_share_pct,no_profile_exp_r,no_profile_gross_r,no_profile_pf_r,no_profile_win_pct,no_profile_cost_r,no_profile_stop_pct,no_profile_dom_pct,hors_plage_trades,hors_plage_share_pct,hors_plage_exp_r,hors_plage_gross_r,hors_plage_pf_r,hors_plage_win_pct,hors_plage_cost_r,hors_plage_stop_pct,hors_plage_dom_pct,poc_zone_trades,poc_zone_share_pct,poc_zone_exp_r,poc_zone_gross_r,poc_zone_pf_r,poc_zone_win_pct,poc_zone_cost_r,poc_zone_stop_pct,poc_zone_dom_pct,sous_val_trades,sous_val_share_pct,sous_val_exp_r,sous_val_gross_r,sous_val_pf_r,sous_val_win_pct,sous_val_cost_r,sous_val_stop_pct,sous_val_dom_pct,sur_vah_trades,sur_vah_share_pct,sur_vah_exp_r,sur_vah_gross_r,sur_vah_pf_r,sur_vah_win_pct,sur_vah_cost_r,sur_vah_stop_pct,sur_vah_dom_pct,dans_valeur_trades,dans_valeur_share_pct,dans_valeur_exp_r,dans_valeur_gross_r,dans_valeur_pf_r,dans_valeur_win_pct,dans_valeur_cost_r,dans_valeur_stop_pct,dans_valeur_dom_pct,primary_trades,primary_exp_r,primary_gross_r,primary_pf_r,primary_win_pct,evaluable,primary_ignored,primary_swallowed_share_pct
4h_n5,2,fractal,-,0,1.5,3,2042,-0.1929,0.6830,33.4476,-86.6834,-86.2032,7939.7526,28.3120,-3.591,0.1744,1.7069,1.0402,2.4976,98.8737,3539,38.4030,2.4962,0,0.0000,,,,,,,,657,32.1743,-0.1635,-0.0101,0.6770,34.7032,0.1535,1.8853,99.0868,83,4.0646,-0.0965,0.0868,0.8135,38.5542,0.1834,1.5339,100.0000,322,15.7689,-0.2601,-0.0936,0.5470,30.4348,0.1665,1.7687,98.4472,303,14.8384,-0.1882,-0.0024,0.6405,36.3036,0.1858,1.5967,98.3498,677,33.1538,-0.2034,-0.0112,0.6272,31.7578,0.1922,1.5751,98.9660,394,-0.2258,-0.0397,0.5948,34.7716,1,362,47.8836
4h_n5,2,fractal,-,0,1.5,4,1818,-0.1559,0.6762,33.6084,-76.2033,-76.1330,6176.4713,33.7054,-3.031,0.1315,2.2743,0.9261,0.4950,99.6150,4145,38.4030,2.4962,0,0.0000,,,,,,,,592,32.5633,-0.1386,-0.0241,0.6626,34.2905,0.1145,2.5332,99.8311,77,4.2354,-0.0938,0.0449,0.7897,38.9610,0.1387,2.0157,100.0000,284,15.6216,-0.2168,-0.0925,0.5505,30.2817,0.1243,2.3743,99.2958,272,14.9615,-0.1084,0.0323,0.7487,38.6029,0.1408,2.1445,98.8971,593,32.6183,-0.1737,-0.0270,0.6359,31.5346,0.1467,2.0610,99.8314,352,-0.1901,-0.0502,0.6013,34.6591,1,404,53.4392
4h_n5,2,fractal,-,0,2,3,1954,-0.1978,0.6909,31.4227,-85.9716,-85.7750,7810.1292,30.6999,-3.273,0.1747,1.7037,0.9954,2.5077,98.9253,3782,38.4030,2.4962,0,0.0000,,,,,,,,640,32.7533,-0.1860,-0.0321,0.6482,32.1875,0.1539,1.8808,99.0625,79,4.0430,-0.1260,0.0547,0.7693,35.4430,0.1807,1.5409,100.0000,306,15.6602,-0.2617,-0.0959,0.5592,29.0850,0.1658,1.7701,98.6928,295,15.0972,-0.1608,0.0260,0.7021,35.2542,0.1868,1.5955,98.6441,634,32.4463,-0.2052,-0.0117,0.6434,29.4953,0.1935,1.5634,98.8959,387,-0.2256,-0.0393,0.6099,33.0749,1,369,48.8095
4h_n5,2,fractal,-,0,2,4,1747,-0.1543,0.6859,32.3412,-74.5625,-74.5160,6107.7251,35.4807,-2.725,0.1316,2.2806,0.8900,0.5152,99.5993,4329,38.4030,2.4962,0,0.0000,,,,,,,,572,32.7418,-0.1449,-0.0306,0.6537,33.2168,0.1143,2.5417,99.8252,75,4.2931,-0.0230,0.1137,0.9492,38.6667,0.1367,2.0385,100.0000,272,15.5695,-0.2484,-0.1222,0.4977,29.0441,0.1262,2.3503,99.2647,259,14.8254,-0.1075,0.0328,0.7571,37.8378,0.1404,2.1597,98.8417,569,32.5701,-0.1575,-0.0107,0.6785,29.7012,0.1468,2.0717,99.8243,345,-0.1997,-0.0593,0.5931,33.6232,1,411,54.3651
4h_n5,2,fractal,-,0,3,3,1859,-0.1874,0.7072,29.9623,-83.1699,-82.9281,7728.4450,33.1385,-2.717,0.1749,1.7084,0.9470,2.5282,98.9779,4050,38.4030,2.4962,0,0.0000,,,,,,,,614,33.0285,-0.1643,-0.0108,0.6947,31.2704,0.1534,1.8889,99.0228,75,4.0344,-0.1166,0.0605,0.7948,33.3333,0.1771,1.5714,100.0000,291,15.6536,-0.2956,-0.1273,0.5143,28.1787,0.1683,1.7519,98.9691,275,14.7929,-0.1455,0.0407,0.7397,33.8182,0.1863,1.6133,98.5455,604,32.4906,-0.1865,0.0079,0.6895,27.3179,0.1944,1.5643,99.0066,378,-0.1877,-0.0015,0.6811,32.5397,1,378,50.0000
4h_n5,2,fractal,-,0,3,4,1681,-0.1548,0.6893,31.4694,-73.4756,-73.4231,5949.9171,37.1229,-2.508,0.1321,2.2715,0.8563,0.4759,99.7026,4543,38.4030,2.4962,0,0.0000,,,,,,,,547,32.5402,-0.1327,-0.0177,0.6889,32.9068,0.1149,2.5235,99.8172,73,4.3427,-0.1033,0.0334,0.7857,35.6164,0.1366,2.0459,100.0000,257,15.2885,-0.2323,-0.1047,0.5349,29.1829,0.1275,2.3408,99.6109,247,14.6936,-0.1284,0.0105,0.7222,36.4372,0.1389,2.1894,99.1903,557,33.1350,-0.1592,-0.0119,0.6838,28.3662,0.1473,2.0581,99.8205,338,-0.1688,-0.0301,0.6588,33.7278,1,418,55.2910
4h_n5,2,fractal,-,0.1,1.5,3,2185,-0.1918,0.6825,33.9588,-88.1427,-87.8836,7783.7865,31.9972,-3.65,0.1728,1.7285,1.1131,2.4714,99.0389,4798,38.4030,2.4962,0,0.0000,,,,,,,,707,32.3570,-0.1803,-0.0291,0.6519,34.6535,0.1512,1.9306,99.1513,83,3.7986,-0.0237,0.1648,0.9529,39.7590,0.1885,1.5163,100.0000,342,15.6522,-0.2683,-0.1029,0.5445,30.7018,0.1654,1.7603,98.5380,327,14.9657,-0.1847,-0.0014,0.6540,36.0856,0.1834,1.6083,98.7768,726,33.2265,-0.1894,0.0015,0.6571,33.1956,0.1909,1.5951,99.1736,415,-0.2475,-0.0644,0.5724,33.7349,1,467,52.9478
4h_n5,2,fractal,-,0.1,1.5,4,1897,-0.1523,0.6807,34.0538,-76.8670,-76.8657,6113.7141,37.3848,-2.979,0.1301,2.3121,0.9664,0.4744,99.6837,5530,38.4030,2.4962,0,0.0000,,,,,,,,631,33.2630,-0.1387,-0.0255,0.6681,35.0238,0.1132,2.5866,99.8415,77,4.0590,-0.0389,0.1017,0.9077,40.2597,0.1406,2.0313,100.0000,296,15.6036,-0.2108,-0.0865,0.5762,30.4054,0.1243,2.3620,99.3243,284,14.9710,-0.1381,0.0003,0.6936,37.6761,0.1385,2.1684,99.2958,609,32.1033,-0.1588,-0.0136,0.6681,32.3481,0.1452,2.1059,99.8358,357,-0.2107,-0.0729,0.5793,33.8936,1,525,59.5238
4h_n5,2,fractal,-,0.1,2,3,2069,-0.2029,0.6756,31.2228,-88.0334,-87.9956,7304.0334,34.3618,-3.398,0.1729,1.7299,1.0540,2.5133,99.1300,5104,38.4030,2.4962,0,0.0000,,,,,,,,687,33.2044,-0.1912,-0.0393,0.6434,32.3144,0.1518,1.9205,99.1266,81,3.9149,-0.0813,0.1028,0.8511,35.8025,0.1840,1.5260,100.0000,321,15.5147,-0.2733,-0.1086,0.5543,28.3489,0.1647,1.7703,98.7539,315,15.2247,-0.1851,-0.0010,0.6681,33.9683,0.1841,1.6131,99.3651,665,32.1411,-0.2043,-0.0124,0.6523,29.6241,0.1919,1.5937,99.0977,403,-0.2664,-0.0832,0.5615,31.2655,1,479,54.3084
4h_n5,2,fractal,-,0.1,2,4,1810,-0.1516,0.6947,32.6519,-75.2057,-75.2057,6156.8852,39.2804,-2.663,0.1304,2.3194,0.9221,0.4972,99.6685,5774,38.4030,2.4962,0,0.0000,,,,,,,,605,33.4254,-0.1552,-0.0429,0.6350,33.3884,0.1123,2.6107,99.8347,76,4.1989,0.0227,0.1633,1.0517,39.4737,0.1406,2.0376,100.0000,277,15.3039,-0.2446,-0.1186,0.5220,29.6029,0.1260,2.3501,99.2780,270,14.9171,-0.1442,-0.0050,0.6914,35.9259,0.1392,2.1754,99.2593,582,32.1547,-0.1297,0.0163,0.7356,30.9278,0.1459,2.1057,99.8282,349,-0.2195,-0.0808,0.5710,32.6648,1,533,60.4308
4h_n5,2,fractal,-,0.1,3,3,1947,-0.2019,0.6845,29.4299,-86.2963,-86.2963,7150.8297,37.1767,-2.92,0.1730,1.7372,0.9918,2.5681,99.1782,5480,38.4030,2.4962,0,0.0000,,,,,,,,649,33.3333,-0.1900,-0.0391,0.6528,30.8166,0.1509,1.9363,99.0755,77,3.9548,-0.0403,0.1434,0.9292,33.7662,0.1837,1.5435,100.0000,299,15.3570,-0.3241,-0.1573,0.4864,27.7592,0.1668,1.7617,98.9967,292,14.9974,-0.1876,-0.0038,0.6786,31.8493,0.1838,1.6328,99.3151,630,32.3575,-0.1825,0.0098,0.7013,27.1429,0.1923,1.5924,99.2063,392,-0.2559,-0.0723,0.5878,30.3571,1,490,55.5556
4h_n5,2,fractal,-,0.1,3,4,1735,-0.1559,0.6838,31.4697,-74.8526,-74.8526,5757.2284,41.2202,-2.495,0.1311,2.3060,0.8839,0.4611,99.7118,6067,38.4030,2.4962,0,0.0000,,,,,,,,569,32.7954,-0.1548,-0.0417,0.6404,32.8647,0.1131,2.5887,99.8243,74,4.2651,-0.0264,0.1142,0.9434,36.4865,0.1406,2.0449,100.0000,261,15.0432,-0.2454,-0.1185,0.5292,28.7356,0.1269,2.3460,99.6169,260,14.9856,-0.1659,-0.0282,0.6600,34.6154,0.1377,2.1975,99.2308,571,32.9107,-0.1282,0.0185,0.7478,29.2469,0.1467,2.0891,99.8249,344,-0.2086,-0.0711,0.5998,31.9767,1,538,60.9977
4h_n5,2,atr,2,0,1.5,3,1641,-0.1643,0.7307,34.7349,-74.9846,-74.0418,8196.7306,24.9264,-2.693,0.1757,1.7217,0.8360,2.8032,98.7203,2351,38.6338,2.0790,0,0.0000,,,,,,,,494,30.1036,-0.0799,0.0702,0.8380,38.0567,0.1501,1.9164,98.1781,74,4.5094,-0.1128,0.0748,0.7746,33.7838,0.1876,1.5459,98.6486,276,16.8190,-0.1811,-0.0143,0.6739,35.1449,0.1668,1.7961,99.2754,241,14.6862,-0.1975,-0.0028,0.6468,34.4398,0.1947,1.5580,98.3402,556,33.8818,-0.2236,-0.0304,0.6016,31.8345,0.1931,1.6061,99.1007,317,-0.2461,-0.0564,0.5958,34.3849,1,247,43.7943
4h_n5,2,atr,2,0,1.5,4,1442,-0.1190,0.7407,34.9515,-58.6788,-58.0406,6053.9688,30.2459,-2.021,0.1320,2.3092,0.7346,0.6241,99.6533,2870,38.6338,2.0790,0,0.0000,,,,,,,,443,30.7212,-0.0464,0.0659,0.8824,37.4718,0.1123,2.5796,99.7743,64,4.4383,-0.1438,-0.0020,0.6627,32.8125,0.1418,2.0574,98.4375,242,16.7822,-0.1561,-0.0302,0.6728,34.2975,0.1258,2.3934,99.5868,207,14.3551,-0.1378,0.0113,0.7060,33.3333,0.1490,2.0645,99.5169,486,33.7032,-0.1554,-0.0108,0.6602,33.9506,0.1446,2.1583,99.7942,279,-0.2077,-0.0636,0.5988,32.9749,1,285,50.5319
4h_n5,2,atr,2,0,2,3,1557,-0.1666,0.7336,32.1773,-73.5545,-72.7184,7789.6205,27.2159,-2.377,0.1757,1.7255,0.7932,2.7617,98.6513,2559,38.6338,2.0790,0,0.0000,,,,,,,,483,31.0212,-0.0736,0.0767,0.8573,35.4037,0.1504,1.9208,98.1366,70,4.4958,-0.1920,-0.0069,0.6420,30.0000,0.1851,1.5596,98.5714,262,16.8272,-0.1941,-0.0267,0.6702,31.6794,0.1674,1.7853,99.2366,224,14.3866,-0.2189,-0.0219,0.6313,30.3571,0.1970,1.5486,98.2143,518,33.2691,-0.2132,-0.0200,0.6281,30.5019,0.1931,1.6122,99.0347,311,-0.2604,-0.0697,0.5935,30.5466,1,253,44.8582
4h_n5,2,atr,2,0,2,4,1398,-0.1126,0.7689,33.5479,-56.3728,-54.9661,6232.9017,32.1846,-1.715,0.1317,2.3149,0.7122,0.6438,99.6423,3034,38.6338,2.0790,0,0.0000,,,,,,,,436,31.1874,-0.0391,0.0735,0.9053,35.7798,0.1125,2.5805,99.7706,60,4.2918,-0.0992,0.0460,0.7631,31.6667,0.1452,1.9640,98.3333,240,17.1674,-0.1987,-0.0736,0.6053,30.8333,0.1250,2.3922,99.5833,193,13.8054,-0.0859,0.0638,0.8203,33.6788,0.1497,2.0706,99.4819,469,33.5479,-0.1497,-0.0059,0.6798,33.0490,0.1438,2.1738,99.7868,276,-0.1887,-0.0450,0.6452,31.5217,1,288,51.0638
4h_n5,2,atr,2,0,3,3,1488,-0.1618,0.7516,30.5108,-71.9473,-70.3438,7761.2806,30.0021,-1.985,0.1756,1.7300,0.7580,2.6882,98.6559,2797,38.6338,2.0790,0,0.0000,,,,,,,,463,31.1156,-0.0477,0.1026,0.9111,33.9093,0.1504,1.9313,98.0562,63,4.2339,-0.2371,-0.0461,0.5882,26.9841,0.1910,1.4977,98.4127,257,17.2715,-0.2947,-0.1280,0.5304,27.2374,0.1668,1.7865,99.2218,209,14.0457,-0.1829,0.0150,0.7046,29.1866,0.1978,1.5528,98.0861,496,33.3333,-0.1809,0.0115,0.6907,30.0403,0.1924,1.6170,99.1935,308,-0.2446,-0.0542,0.6302,28.8961,1,256,45.3901
4h_n5,2,atr,2,0,3,4,1343,-0.1021,0.7961,32.6880,-51.9472,-50.3503,6335.3741,34.1776,-1.384,0.1325,2.3190,0.6842,0.6701,99.6277,3212,38.6338,2.0790,0,0.0000,,,,,,,,407,30.3053,-0.0197,0.0922,0.9531,35.6265,0.1119,2.6116,99.7543,57,4.2442,-0.1617,-0.0174,0.6489,28.0702,0.1443,1.9771,98.2456,231,17.2003,-0.2045,-0.0788,0.5997,29.8701,0.1257,2.4020,99.5671,190,14.1474,-0.1009,0.0485,0.7999,31.5789,0.1495,2.0986,99.4737,458,34.1028,-0.1169,0.0287,0.7520,32.5328,0.1456,2.1511,99.7817,273,-0.1871,-0.0430,0.6577,30.0366,1,291,51.5957
4h_n5,2,atr,2,0.1,1.5,3,1790,-0.1566,0.7399,35.0838,-75.8790,-75.4450,8586.8896,27.4821,-2.663,0.1750,1.7382,0.9119,2.8492,98.9385,3039,38.6338,2.0790,0,0.0000,,,,,,,,543,30.3352,-0.0827,0.0656,0.8352,38.4899,0.1483,1.9609,98.3425,80,4.4693,-0.1127,0.0825,0.7689,33.7500,0.1952,1.5010,98.7500,303,16.9274,-0.2220,-0.0542,0.6122,32.6733,0.1678,1.7813,99.3399,256,14.3017,-0.1672,0.0241,0.6954,34.7656,0.1913,1.5815,98.8281,608,33.9665,-0.1913,0.0015,0.6514,33.5526,0.1928,1.6150,99.3421,334,-0.2395,-0.0542,0.6097,34.1317,1,313,48.3771
4h_n5,2,atr,2,0.1,1.5,4,1548,-0.1157,0.7404,34.7545,-59.8631,-59.7250,6134.9937,33.2013,-2.031,0.1311,2.3340,0.7886,0.5168,99.6770,3664,38.6338,2.0790,0,0.0000,,,,,,,,483,31.2016,-0.0578,0.0532,0.8586,37.8882,0.1110,2.6413,99.7930,68,4.3928,-0.1543,-0.0058,0.6235,30.8824,0.1485,1.9997,98.5294,255,16.4729,-0.2049,-0.0783,0.5907,30.9804,0.1266,2.3805,99.6078,219,14.1473,-0.1249,0.0195,0.7275,33.7900,0.1444,2.1159,99.5434,523,33.7855,-0.1168,0.0272,0.7352,34.6080,0.1440,2.1624,99.8088,283,-0.2307,-0.0913,0.5675,31.4488,1,364,56.2597
4h_n5,2,atr,2,0.1,2,3,1686,-0.1616,0.7364,32.1471,-74.7800,-74.5302,7977.2906,30.0260,-2.38,0.1748,1.7423,0.8589,2.7284,98.9324,3302,38.6338,2.0790,0,0.0000,,,,,,,,529,31.3760,-0.0803,0.0680,0.8469,35.9168,0.1483,1.9660,98.2987,75,4.4484,-0.2330,-0.0388,0.5700,28.0000,0.1942,1.5088,98.6667,282,16.7260,-0.2282,-0.0585,0.6237,29.4326,0.1697,1.7628,99.2908,237,14.0569,-0.2050,-0.0130,0.6502,29.9578,0.1920,1.5885,98.7342,563,33.3926,-0.1767,0.0157,0.6854,31.4387,0.1924,1.6177,99.4671,324,-0.2702,-0.0839,0.5837,29.3210,1,323,49.9227
4h_n5,2,atr,2,0.1,2,4,1493,-0.1046,0.7805,33.3557,-55.5006,-54.8297,6490.7559,35.3530,-1.641,0.1311,2.3365,0.7606,0.5358,99.6651,3880,38.6338,2.0790,0,0.0000,,,,,,,,474,31.7482,-0.0538,0.0577,0.8746,35.8650,0.1115,2.6373,99.7890,63,4.2197,-0.0858,0.0674,0.7841,30.1587,0.1532,1.9020,98.4127,251,16.8118,-0.2102,-0.0842,0.5950,28.6853,0.1260,2.3820,99.6016,206,13.7977,-0.0989,0.0458,0.7878,33.0097,0.1448,2.1234,99.5146,499,33.4226,-0.1045,0.0394,0.7696,33.8677,0.1439,2.1706,99.7996,282,-0.1992,-0.0596,0.6313,30.1418,1,365,56.4142
4h_n5,2,atr,2,0.1,3,3,1597,-0.1512,0.7612,30.3694,-71.6553,-70.6121,7992.6948,33.0661,-1.896,0.1749,1.7462,0.8136,2.6925,98.9355,3609,38.6338,2.0790,0,0.0000,,,,,,,,504,31.5592,-0.0661,0.0827,0.8808,33.7302,0.1487,1.9725,98.2143,67,4.1954,-0.2377,-0.0367,0.5831,25.3731,0.2010,1.4488,98.5075,275,17.2198,-0.2546,-0.0852,0.5990,25.8182,0.1694,1.7639,99.2727,223,13.9637,-0.1822,0.0110,0.7018,28.6996,0.1931,1.5906,98.6547,528,33.0620,-0.1546,0.0371,0.7324,30.8712,0.1917,1.6244,99.6212,322,-0.2166,-0.0300,0.6734,28.2609,1,325,50.2318
4h_n5,2,atr,2,0.1,3,4,1421,-0.0969,0.7987,32.3716,-51.4703,-50.6591,6378.4996,37.6105,-1.348,0.1321,2.3379,0.7239,0.5630,99.6481,4123,38.6338,2.0790,0,0.0000,,,,,,,,436,30.6826,-0.0328,0.0784,0.9252,36.2385,0.1113,2.6666,99.7706,60,4.2224,-0.1204,0.0317,0.7190,26.6667,0.1521,1.9217,98.3333,240,16.8895,-0.2096,-0.0830,0.6075,27.0833,0.1267,2.3889,99.5833,203,14.2857,-0.1392,0.0051,0.7192,30.5419,0.1443,2.1541,99.5074,482,33.9198,-0.0780,0.0681,0.8301,32.9876,0.1461,2.1446,99.7925,280,-0.2096,-0.0698,0.6235,28.5714,1,367,56.7233
4h_n5,3,fractal,-,0,1.5,3,1643,-0.2092,0.6754,33.6579,-82.1116,-82.0655,7164.7642,25.0983,-3.383,0.1787,1.6857,0.8370,2.6172,98.6610,2309,38.4030,2.4962,0,0.0000,,,,,,,,511,31.1016,-0.1761,-0.0221,0.6698,34.0509,0.1540,1.8987,98.8258,81,4.9300,-0.1525,0.0326,0.7119,37.0370,0.1850,1.5528,98.7654,265,16.1290,-0.2234,-0.0532,0.6203,34.3396,0.1702,1.7100,98.4906,245,14.9117,-0.2099,-0.0255,0.6415,33.8776,0.1844,1.6529,97.1429,541,32.9276,-0.2416,-0.0389,0.5875,32.3475,0.2026,1.5074,99.2606,335,-0.1875,-0.0035,0.6785,36.4179,1,250,42.7350
4h_n5,3,fractal,-,0,1.5,4,1479,-0.1710,0.6511,33.7390,-72.2483,-72.1036,5180.7948,30.3310,-2.897,0.1352,2.2454,0.7534,0.6085,99.4591,2714,38.4030,2.4962,0,0.0000,,,,,,,,463,31.3049,-0.1158,-0.0008,0.7302,34.9892,0.1150,2.5400,99.7840,74,5.0034,-0.1526,-0.0130,0.6377,36.4865,0.1396,2.0776,100.0000,249,16.8357,-0.2001,-0.0720,0.6199,34.9398,0.1281,2.2896,99.1968,217,14.6721,-0.1742,-0.0334,0.6478,33.1797,0.1407,2.2043,98.1567,476,32.1839,-0.2109,-0.0557,0.5838,31.7227,0.1552,1.9805,99.7899,310,-0.2052,-0.0668,0.6077,34.8387,1,275,47.0085
4h_n5,3,fractal,-,0,2,3,1576,-0.2145,0.6587,30.9645,-81.8429,-81.6780,6473.8340,27.2351,-3.087,0.1788,1.6880,0.8029,2.5381,98.6041,2468,38.4030,2.4962,0,0.0000,,,,,,,,499,31.6624,-0.1825,-0.0287,0.6740,31.2625,0.1538,1.8961,98.7976,80,5.0761,-0.2044,-0.0185,0.6337,33.7500,0.1859,1.5484,98.7500,256,16.2437,-0.2010,-0.0314,0.6663,32.4219,0.1697,1.7139,98.4375,233,14.7843,-0.2233,-0.0363,0.6300,30.9013,0.1870,1.6443,96.9957,508,32.2335,-0.2502,-0.0470,0.5862,29.5276,0.2031,1.5125,99.2126,329,-0.2111,-0.0270,0.6507,33.1307,1,256,43.7607
4h_n5,3,fractal,-,0,2,4,1419,-0.1666,0.6703,31.9944,-69.8770,-69.8219,5115.4560,32.4587,-2.534,0.1343,2.2622,0.7229,0.4933,99.4362,2880,38.4030,2.4962,0,0.0000,,,,,,,,453,31.9239,-0.1184,-0.0033,0.7330,32.4503,0.1151,2.5422,99.7792,71,5.0035,-0.1180,0.0196,0.7269,35.2113,0.1376,2.1081,100.0000,238,16.7724,-0.2357,-0.1083,0.5765,31.9328,0.1275,2.3092,99.1597,199,14.0240,-0.1657,-0.0247,0.6756,32.6633,0.1410,2.2304,97.9899,458,32.2763,-0.1864,-0.0330,0.6402,30.7860,0.1535,1.9984,99.7817,303,-0.1943,-0.0563,0.6371,33.9934,1,282,48.2051
4h_n5,3,fractal,-,0,3,3,1495,-0.2039,0.6741,28.9632,-78.5887,-78.5335,6242.9187,30.0548,-2.531,0.1783,1.6993,0.7616,2.4749,98.6622,2693,38.4030,2.4962,0,0.0000,,,,,,,,482,32.2408,-0.1681,-0.0145,0.7065,29.2531,0.1536,1.9033,98.9627,77,5.1505,-0.2129,-0.0294,0.6370,31.1688,0.1835,1.5691,98.7013,244,16.3211,-0.2428,-0.0718,0.6227,29.5082,0.1710,1.7119,98.7705,209,13.9799,-0.2463,-0.0583,0.6143,27.7512,0.1881,1.6587,96.6507,483,32.3077,-0.2002,0.0014,0.6775,28.5714,0.2016,1.5276,99.1718,319,-0.1847,-0.0001,0.7032,31.6614,1,266,45.4701
4h_n5,3,fractal,-,0,3,4,1356,-0.1541,0.6990,31.0472,-65.5684,-65.5054,5157.2278,34.6934,-2.093,0.1345,2.2660,0.6908,0.5162,99.5575,3060,38.4030,2.4962,0,0.0000,,,,,,,,427,31.4897,-0.0816,0.0319,0.8180,32.5527,0.1134,2.5799,99.7658,69,5.0885,-0.1545,-0.0159,0.6685,33.3333,0.1386,2.1058,100.0000,231,17.0354,-0.2471,-0.1194,0.5615,30.7359,0.1277,2.3138,99.5671,187,13.7906,-0.1424,-0.0003,0.7245,31.5508,0.1421,2.2200,98.3957,442,32.5959,-0.1804,-0.0258,0.6606,29.1855,0.1546,1.9823,99.7738,295,-0.1764,-0.0381,0.6701,33.2203,1,290,49.5726
4h_n5,3,fractal,-,0.1,1.5,3,1772,-0.2018,0.6798,33.6907,-83.4362,-83.3852,7183.5723,27.8190,-3.376,0.1751,1.7196,0.9027,2.4831,98.7585,3018,38.4030,2.4962,0,0.0000,,,,,,,,562,31.7156,-0.1685,-0.0170,0.6846,34.6975,0.1515,1.9238,98.9324,82,4.6275,-0.1167,0.0671,0.7807,39.0244,0.1839,1.5843,98.7805,283,15.9707,-0.2250,-0.0583,0.6175,34.6290,0.1666,1.7373,98.5866,258,14.5598,-0.2424,-0.0619,0.5927,31.3953,0.1805,1.6629,97.6744,587,33.1264,-0.2167,-0.0185,0.6264,32.5383,0.1982,1.5594,99.1482,345,-0.2275,-0.0462,0.6239,34.2029,1,327,48.6607
4h_n5,3,fractal,-,0.1,1.5,4,1549,-0.1661,0.6600,33.5055,-73.1642,-72.8016,5227.0489,33.5505,-2.874,0.1318,2.2899,0.7891,0.5165,99.6127,3555,38.4030,2.4962,0,0.0000,,,,,,,,502,32.4080,-0.1146,-0.0015,0.7339,35.4582,0.1131,2.5692,99.8008,74,4.7773,-0.1734,-0.0365,0.6191,35.1351,0.1368,2.1419,100.0000,251,16.2040,-0.2120,-0.0866,0.5985,34.6614,0.1255,2.3291,99.2032,224,14.4609,-0.2039,-0.0671,0.5989,31.2500,0.1368,2.2362,99.1071,498,32.1498,-0.1766,-0.0256,0.6429,31.7269,0.1510,2.0347,99.7992,304,-0.2421,-0.1068,0.5564,32.8947,1,368,54.7619
4h_n5,3,fractal,-,0.1,2,3,1678,-0.2178,0.6519,30.3933,-84.3191,-84.1487,6321.2995,30.0734,-3.222,0.1758,1.7176,0.8548,2.4434,98.8081,3220,38.4030,2.4962,0,0.0000,,,,,,,,548,32.6579,-0.1786,-0.0272,0.6798,31.5693,0.1514,1.9196,98.9051,80,4.7676,-0.2115,-0.0261,0.6363,33.7500,0.1854,1.5790,98.7500,268,15.9714,-0.2193,-0.0523,0.6421,32.4627,0.1670,1.7363,98.5075,242,14.4219,-0.2543,-0.0710,0.5916,28.5124,0.1833,1.6597,97.9339,540,32.1812,-0.2413,-0.0414,0.6065,28.5185,0.2000,1.5498,99.2593,335,-0.2604,-0.0789,0.5918,30.7463,1,337,50.1488
4h_n5,3,fractal,-,0.1,2,4,1478,-0.1643,0.6804,31.6644,-70.8785,-70.8361,5228.7382,35.7378,-2.528,0.1320,2.3001,0.7529,0.4736,99.5940,3753,38.4030,2.4962,0,0.0000,,,,,,,,487,32.9499,-0.1237,-0.0101,0.7243,32.8542,0.1136,2.5653,99.7947,70,4.7361,-0.1370,-0.0017,0.7051,34.2857,0.1352,2.1730,100.0000,237,16.0352,-0.2139,-0.0885,0.6081,32.4895,0.1254,2.3512,99.1561,207,14.0054,-0.1939,-0.0576,0.6312,31.4010,0.1363,2.2636,99.0338,477,32.2733,-0.1723,-0.0204,0.6665,29.7694,0.1519,2.0385,99.7904,297,-0.2149,-0.0795,0.6104,32.3232,1,375,55.8036
4h_n5,3,fractal,-,0.1,3,3,1575,-0.2149,0.6634,28.1905,-82.0866,-81.9555,6099.6078,33.1529,-2.721,0.1757,1.7281,0.8023,2.5397,98.8571,3515,38.4030,2.4962,0,0.0000,,,,,,,,524,33.2698,-0.1696,-0.0178,0.7049,29.3893,0.1518,1.9227,99.0458,76,4.8254,-0.2343,-0.0506,0.6142,31.5789,0.1837,1.5990,98.6842,253,16.0635,-0.2518,-0.0839,0.6129,29.6443,0.1679,1.7377,98.8142,218,13.8413,-0.2938,-0.1100,0.5561,25.6881,0.1839,1.6740,97.7064,504,32.0000,-0.2062,-0.0065,0.6758,26.7857,0.1997,1.5637,99.2063,325,-0.2436,-0.0616,0.6280,29.5385,1,347,51.6369
4h_n5,3,fractal,-,0.1,3,4,1409,-0.1571,0.6961,30.3762,-67.6989,-67.6519,5133.9677,38.0412,-2.152,0.1323,2.3046,0.7178,0.4968,99.6451,3975,38.4030,2.4962,0,0.0000,,,,,,,,459,32.5763,-0.0766,0.0353,0.8304,32.6797,0.1120,2.5992,99.7821,69,4.8971,-0.1551,-0.0195,0.6848,33.3333,0.1356,2.1748,100.0000,229,16.2527,-0.2153,-0.0901,0.6105,31.8777,0.1253,2.3684,99.5633,194,13.7686,-0.2331,-0.0949,0.5708,28.3505,0.1382,2.2464,98.9691,458,32.5053,-0.1766,-0.0235,0.6691,27.7293,0.1532,2.0216,99.7817,289,-0.2015,-0.0653,0.6338,31.8339,1,383,56.9940
4h_n5,3,atr,2,0,1.5,3,1407,-0.1788,0.7236,33.7598,-72.7712,-71.4826,7433.5662,22.7577,-2.636,0.1778,1.6959,0.7168,2.9140,98.4364,1750,38.6338,2.0790,0,0.0000,,,,,,,,412,29.2822,-0.1848,-0.0339,0.6689,32.7670,0.1509,1.9138,97.5728,66,4.6908,-0.1446,0.0334,0.7383,33.3333,0.1780,1.5900,98.4848,235,16.7022,-0.2053,-0.0362,0.6514,34.4681,0.1691,1.7024,99.1489,206,14.6411,-0.1268,0.0617,0.7706,35.4369,0.1885,1.6070,97.5728,488,34.6837,-0.1875,0.0126,0.6659,33.6066,0.2001,1.5607,99.1803,281,-0.1549,0.0285,0.7332,37.3665,1,202,41.8219
4h_n5,3,atr,2,0,1.5,4,1250,-0.1376,0.7254,33.0400,-59.4064,-58.1988,5402.8662,27.9958,-2.091,0.1337,2.2648,0.6368,0.7200,99.5200,2148,38.6338,2.0790,0,0.0000,,,,,,,,371,29.6800,-0.0914,0.0222,0.7960,33.6927,0.1136,2.5373,99.4609,58,4.6400,-0.1304,0.0075,0.7167,29.3103,0.1379,2.0911,98.2759,214,17.1200,-0.2287,-0.1018,0.5736,32.2430,0.1269,2.2901,99.5327,180,14.4000,-0.1286,0.0157,0.7343,32.2222,0.1443,2.1346,99.4444,427,34.1600,-0.1369,0.0125,0.7035,33.7237,0.1495,2.0938,99.7658,252,-0.1942,-0.0557,0.6346,33.7302,1,231,47.8261
4h_n5,3,atr,2,0,2,3,1353,-0.1901,0.7190,30.0074,-73.4062,-72.3478,7022.1393,24.8221,-2.465,0.1781,1.6964,0.6893,2.9564,98.3740,1889,38.6338,2.0790,0,0.0000,,,,,,,,405,29.9335,-0.1500,0.0014,0.7419,30.6173,0.1514,1.9116,97.5309,63,4.6563,-0.1468,0.0329,0.7467,28.5714,0.1797,1.5905,98.4127,229,16.9254,-0.2474,-0.0783,0.6088,29.6943,0.1691,1.7073,99.1266,195,14.4124,-0.1767,0.0145,0.7035,29.7436,0.1911,1.6000,97.4359,461,34.0724,-0.2086,-0.0084,0.6437,29.9349,0.2002,1.5571,99.1323,274,-0.1951,-0.0109,0.6873,32.1168,1,209,43.2712
4h_n5,3,atr,2,0,2,4,1204,-0.1394,0.7326,31.0631,-59.3648,-57.2896,5218.6453,30.0920,-1.878,0.1333,2.2756,0.6133,0.6645,99.5017,2287,38.6338,2.0790,0,0.0000,,,,,,,,364,30.2326,-0.0915,0.0221,0.8030,31.5934,0.1136,2.5474,99.4505,57,4.7342,-0.0872,0.0503,0.8139,28.0702,0.1375,2.1032,98.2456,203,16.8605,-0.3109,-0.1847,0.4582,28.0788,0.1262,2.3010,99.5074,168,13.9535,-0.0684,0.0766,0.8629,32.1429,0.1451,2.1290,99.4048,412,34.2193,-0.1334,0.0154,0.7224,32.0388,0.1487,2.1066,99.7573,249,-0.1858,-0.0472,0.6629,32.1285,1,234,48.4472
4h_n5,3,atr,2,0,3,3,1283,-0.1854,0.7337,27.9813,-71.5361,-69.7854,6814.0309,27.6040,-2.045,0.1773,1.7108,0.6536,2.7280,98.3632,2089,38.6338,2.0790,0,0.0000,,,,,,,,392,30.5534,-0.1270,0.0245,0.7885,29.0816,0.1515,1.9228,97.4490,60,4.6765,-0.1218,0.0588,0.7971,26.6667,0.1805,1.5997,98.3333,216,16.8355,-0.3324,-0.1644,0.5074,25.4630,0.1680,1.7212,99.0741,177,13.7958,-0.1682,0.0230,0.7344,27.1186,0.1912,1.6127,97.1751,438,34.1387,-0.1807,0.0183,0.6981,28.7671,0.1990,1.5707,99.3151,266,-0.1760,0.0082,0.7286,30.0752,1,217,44.9275
4h_n5,3,atr,2,0,3,4,1152,-0.1245,0.7721,29.8611,-55.0887,-51.9340,5416.4018,32.2075,-1.49,0.1341,2.2800,0.5869,0.6944,99.4792,2439,38.6338,2.0790,0,0.0000,,,,,,,,344,29.8611,-0.0772,0.0359,0.8385,30.8140,0.1131,2.5646,99.4186,54,4.6875,-0.0879,0.0483,0.8225,25.9259,0.1362,2.1248,98.1481,198,17.1875,-0.3030,-0.1764,0.4783,27.2727,0.1266,2.3065,99.4949,158,13.7153,-0.0416,0.1043,0.9181,31.6456,0.1459,2.1523,99.3671,398,34.5486,-0.1144,0.0365,0.7702,30.1508,0.1509,2.0924,99.7487,243,-0.1732,-0.0343,0.6920,31.2757,1,240,49.6894
4h_n5,3,atr,2,0.1,1.5,3,1555,-0.1622,0.7376,34.5338,-72.8489,-71.7867,7803.3735,25.2772,-2.518,0.1756,1.7165,0.7922,2.7653,98.5852,2236,38.6338,2.0790,0,0.0000,,,,,,,,464,29.8392,-0.1569,-0.0079,0.7150,34.2672,0.1490,1.9495,97.8448,72,4.6302,-0.1236,0.0541,0.7699,34.7222,0.1777,1.6041,98.6111,262,16.8489,-0.2053,-0.0346,0.6471,33.9695,0.1706,1.7023,99.2366,221,14.2122,-0.1139,0.0668,0.7864,35.7466,0.1807,1.6412,97.7376,536,34.4695,-0.1707,0.0279,0.6954,34.5149,0.1987,1.5679,99.2537,294,-0.1397,0.0393,0.7561,38.4354,1,249,45.8564
4h_n5,3,atr,2,0.1,1.5,4,1357,-0.1252,0.7412,33.7509,-58.8302,-57.9074,5654.9456,30.9794,-1.987,0.1315,2.3004,0.6913,0.5158,99.5578,2732,38.6338,2.0790,0,0.0000,,,,,,,,419,30.8769,-0.0733,0.0383,0.8348,35.5609,0.1115,2.6056,99.5227,62,4.5689,-0.1215,0.0174,0.7228,29.0323,0.1388,2.0931,98.3871,228,16.8018,-0.2241,-0.0957,0.5728,31.5789,0.1284,2.2908,99.5614,191,14.0752,-0.1106,0.0267,0.7673,33.5079,0.1373,2.1697,99.4764,457,33.6772,-0.1302,0.0178,0.7196,33.9168,0.1480,2.1081,99.7812,251,-0.1859,-0.0515,0.6511,34.6614,1,292,53.7753
4h_n5,3,atr,2,0.1,2,3,1479,-0.1782,0.7273,30.6288,-74.3185,-73.4109,7263.7657,27.6918,-2.403,0.1764,1.7132,0.7534,2.7721,98.5801,2432,38.6338,2.0790,0,0.0000,,,,,,,,456,30.8316,-0.1306,0.0188,0.7723,32.0175,0.1495,1.9490,97.8070,67,4.5301,-0.1614,0.0200,0.7209,28.3582,0.1814,1.5869,98.5075,250,16.9033,-0.2454,-0.0736,0.6093,29.6000,0.1718,1.7014,99.2000,208,14.0636,-0.1474,0.0361,0.7463,30.2885,0.1834,1.6285,97.5962,498,33.6714,-0.2033,-0.0036,0.6563,30.3213,0.1997,1.5557,99.3976,282,-0.1769,0.0038,0.7162,32.9787,1,261,48.0663
4h_n5,3,atr,2,0.1,2,4,1297,-0.1248,0.7510,31.9969,-57.7843,-56.1482,5463.9492,33.2721,-1.75,0.1313,2.3114,0.6607,0.4626,99.5374,2922,38.6338,2.0790,0,0.0000,,,,,,,,407,31.3801,-0.0777,0.0338,0.8318,33.4152,0.1115,2.6215,99.5086,60,4.6261,-0.0659,0.0733,0.8508,28.3333,0.1392,2.1008,98.3333,215,16.5767,-0.2927,-0.1647,0.4761,27.9070,0.1279,2.3055,99.5349,176,13.5698,-0.0567,0.0811,0.8851,33.5227,0.1379,2.1588,99.4318,439,33.8473,-0.1215,0.0262,0.7466,32.5740,0.1477,2.1167,99.7722,248,-0.1773,-0.0429,0.6788,33.0645,1,295,54.3278
4h_n5,3,atr,2,0.1,3,3,1389,-0.1741,0.7402,28.5817,-72.0843,-70.6349,7007.0175,30.6542,-1.992,0.1763,1.7242,0.7076,2.5918,98.5601,2698,38.6338,2.0790,0,0.0000,,,,,,,,436,31.3895,-0.1050,0.0447,0.8242,30.2752,0.1497,1.9628,97.7064,64,4.6076,-0.1270,0.0553,0.7875,26.5625,0.1823,1.5954,98.4375,234,16.8467,-0.3134,-0.1419,0.5312,25.2137,0.1716,1.7104,99.1453,187,13.4629,-0.1602,0.0245,0.7441,27.2727,0.1847,1.6231,97.3262,468,33.6933,-0.1807,0.0185,0.7012,29.4872,0.1993,1.5669,99.5726,274,-0.1518,0.0291,0.7668,30.6569,1,269,49.5396
4h_n5,3,atr,2,0.1,3,4,1225,-0.1090,0.7930,30.8571,-52.4369,-49.6922,5707.4297,35.7277,-1.335,0.1326,2.3108,0.6240,0.4898,99.5102,3136,38.6338,2.0790,0,0.0000,,,,,,,,379,30.9388,-0.0429,0.0684,0.9090,33.2454,0.1114,2.6391,99.4723,58,4.7347,-0.0779,0.0594,0.8340,25.8621,0.1372,2.1245,98.2759,204,16.6531,-0.2841,-0.1553,0.4999,27.4510,0.1288,2.3068,99.5098,163,13.3061,-0.0547,0.0862,0.8939,31.9018,0.1409,2.1331,99.3865,421,34.3673,-0.1090,0.0408,0.7800,30.6413,0.1498,2.1117,99.7625,242,-0.1638,-0.0288,0.7093,31.8182,1,301,55.4328
1d_n3,2,fractal,-,0,1.5,3,2201,-0.1273,0.7667,36.3925,-75.8934,-74.8498,10042.0446,31.3403,-2.396,0.1780,1.7214,1.1212,3.1804,98.8642,3882,31.2403,0.5741,0,0.0000,,,,,,,,699,31.7583,-0.0433,0.1080,0.9031,39.4850,0.1513,1.9580,99.2847,86,3.9073,-0.0380,0.1556,0.9187,43.0233,0.1936,1.4626,98.8372,326,14.8114,-0.2132,-0.0316,0.6148,31.5951,0.1816,1.7361,97.8528,337,15.3112,-0.1219,0.0680,0.7601,38.2789,0.1898,1.5358,98.5163,753,34.2117,-0.1806,0.0136,0.6608,33.9973,0.1943,1.6081,99.0704,384,-0.2016,-0.0035,0.6356,34.1146,1,394,50.6427
1d_n3,2,fractal,-,0,1.5,4,1917,-0.0780,0.8080,37.6630,-53.9629,-53.1874,7966.2391,36.3654,-1.559,0.1334,2.3091,0.9766,0.9911,99.5827,4441,31.2403,0.5741,0,0.0000,,,,,,,,631,32.9160,-0.0262,0.0874,0.9279,38.8273,0.1135,2.6311,100.0000,71,3.7037,-0.0329,0.1170,0.9149,43.6620,0.1499,1.9151,98.5915,284,14.8148,-0.1400,-0.0073,0.6830,33.8028,0.1327,2.3750,99.2958,287,14.9713,-0.1260,0.0162,0.7268,37.9791,0.1421,2.0609,98.9547,644,33.5942,-0.0851,0.0624,0.8008,37.4224,0.1475,2.1187,99.6894,330,-0.1890,-0.0427,0.6036,34.2424,1,448,57.5835
1d_n3,2,fractal,-,0,2,3,2076,-0.1210,0.7844,34.4412,-72.5803,-71.1725,9918.6665,33.7416,-2.017,0.1784,1.7270,1.0576,3.3237,98.8921,4151,31.2403,0.5741,0,0.0000,,,,,,,,676,32.5626,-0.0381,0.1130,0.9179,36.9822,0.1511,1.9682,99.2604,78,3.7572,-0.0881,0.1088,0.8225,38.4615,0.1969,1.4325,98.7179,314,15.1252,-0.2248,-0.0440,0.6094,29.2994,0.1808,1.7351,98.0892,312,15.0289,-0.1208,0.0703,0.7795,36.2179,0.1911,1.5443,98.7179,696,33.5260,-0.1584,0.0378,0.7119,33.0460,0.1962,1.6041,98.9943,374,-0.2151,-0.0160,0.6282,31.8182,1,404,51.9280
1d_n3,2,fractal,-,0,2,4,1815,-0.0830,0.8057,36.4738,-54.4603,-53.4737,7660.7322,38.5634,-1.482,0.1334,2.3241,0.9246,1.0468,99.5592,4685,31.2403,0.5741,0,0.0000,,,,,,,,599,33.0028,-0.0283,0.0844,0.9246,37.8965,0.1127,2.6619,100.0000,65,3.5813,0.0113,0.1569,1.0279,43.0769,0.1457,1.9351,98.4615,264,14.5455,-0.1389,-0.0046,0.6925,33.7121,0.1343,2.3799,99.2424,271,14.9311,-0.1748,-0.0323,0.6312,35.7934,0.1425,2.0701,98.8930,616,33.9394,-0.0818,0.0661,0.8172,35.8766,0.1480,2.1246,99.6753,324,-0.2039,-0.0572,0.5814,33.0247,1,454,58.3548
1d_n3,2,fractal,-,0,3,3,1947,-0.1117,0.8106,32.8711,-67.0435,-65.8850,10137.5331,36.3186,-1.575,0.1790,1.7344,0.9918,3.4926,98.8701,4452,31.2403,0.5741,0,0.0000,,,,,,,,637,32.7170,-0.0061,0.1435,0.9872,36.2637,0.1495,1.9912,99.2151,70,3.5953,-0.0542,0.1388,0.8967,37.1429,0.1930,1.4428,98.5714,294,15.1002,-0.2359,-0.0518,0.6032,28.5714,0.1841,1.7368,97.9592,290,14.8947,-0.1894,0.0028,0.6719,32.4138,0.1922,1.5532,98.6207,656,33.6929,-0.1302,0.0677,0.7726,31.2500,0.1980,1.5951,99.0854,369,-0.2220,-0.0225,0.6282,30.0813,1,409,52.5707
1d_n3,2,fractal,-,0,3,4,1740,-0.0712,0.8378,35.5172,-48.4305,-46.7773,7859.3081,40.0241,-1.116,0.1346,2.3169,0.8864,1.0920,99.5402,4874,31.2403,0.5741,0,0.0000,,,,,,,,560,32.1839,0.0167,0.1294,1.0434,37.8571,0.1127,2.6744,100.0000,64,3.6782,-0.0057,0.1410,0.9867,40.6250,0.1466,1.9279,98.4375,257,14.7701,-0.1240,0.0120,0.7288,33.4630,0.1360,2.3581,99.2218,262,15.0575,-0.1987,-0.0555,0.5906,33.9695,0.1432,2.0699,98.8550,597,34.3103,-0.0821,0.0673,0.8226,34.3384,0.1494,2.1141,99.6650,324,-0.1872,-0.0405,0.6160,32.7160,1,454,58.3548
1d_n3,2,fractal,-,0.1,1.5,3,2329,-0.1319,0.7593,36.4964,-78.8163,-78.1369,9766.6229,34.6274,-2.504,0.1756,1.7563,1.1864,3.0056,98.9695,5149,31.2403,0.5741,0,0.0000,,,,,,,,741,31.8162,-0.0444,0.1038,0.9023,40.2159,0.1482,1.9996,99.3252,87,3.7355,-0.0195,0.1805,0.9584,42.5287,0.2000,1.4585,98.8506,351,15.0708,-0.2636,-0.0847,0.5582,30.1994,0.1789,1.7302,98.0057,360,15.4573,-0.1174,0.0673,0.7712,37.7778,0.1847,1.5687,98.8889,790,33.9201,-0.1744,0.0185,0.6737,34.5570,0.1929,1.6579,99.1139,400,-0.2491,-0.0570,0.5779,33.0000,1,490,55.0562
1d_n3,2,fractal,-,0.1,1.5,4,1989,-0.0719,0.8266,38.4113,-53.2983,-51.6795,8252.9061,39.9240,-1.424,0.1309,2.3646,1.0132,0.9050,99.5978,5847,31.2403,0.5741,0,0.0000,,,,,,,,662,33.2831,0.0028,0.1142,1.0077,41.0876,0.1114,2.6783,100.0000,72,3.6199,-0.0488,0.1070,0.8785,41.6667,0.1558,1.9081,98.6111,299,15.0327,-0.1581,-0.0285,0.6712,33.7793,0.1296,2.3746,99.3311,305,15.3343,-0.1415,-0.0029,0.7012,36.7213,0.1386,2.0836,99.0164,651,32.7300,-0.0783,0.0667,0.8167,38.2488,0.1451,2.2232,99.6928,339,-0.2137,-0.0731,0.5815,34.2183,1,551,61.9101
1d_n3,2,fractal,-,0.1,2,3,2178,-0.1193,0.7870,34.6189,-73.4224,-72.4646,9803.2276,37.1517,-1.973,0.1753,1.7659,1.1095,3.1221,98.9899,5482,31.2403,0.5741,0,0.0000,,,,,,,,713,32.7365,-0.0182,0.1299,0.9611,38.0084,0.1481,2.0053,99.2987,81,3.7190,-0.0961,0.1065,0.8131,37.0370,0.2026,1.4292,98.7654,335,15.3811,-0.2579,-0.0800,0.5819,28.0597,0.1778,1.7305,98.2090,334,15.3352,-0.1304,0.0557,0.7653,35.6287,0.1860,1.5728,99.1018,715,32.8283,-0.1526,0.0405,0.7242,33.5664,0.1931,1.6722,99.0210,389,-0.2489,-0.0562,0.5929,31.1054,1,501,56.2921
1d_n3,2,fractal,-,0.1,2,4,1865,-0.0792,0.8191,36.7828,-54.6893,-52.8338,7793.2229,42.2901,-1.386,0.1309,2.3855,0.9501,0.9651,99.5710,6168,31.2403,0.5741,0,0.0000,,,,,,,,626,33.5657,-0.0028,0.1078,0.9924,39.7764,0.1107,2.7144,100.0000,67,3.5925,0.0381,0.1923,1.0912,41.7910,0.1542,1.9099,98.5075,276,14.7989,-0.1440,-0.0127,0.7063,33.6957,0.1313,2.3780,99.2754,282,15.1206,-0.1976,-0.0599,0.6010,34.0426,0.1377,2.1115,98.9362,614,32.9223,-0.0864,0.0593,0.8086,35.8306,0.1457,2.2313,99.6743,332,-0.2214,-0.0807,0.5764,32.8313,1,558,62.6966
1d_n3,2,fractal,-,0.1,3,3,2013,-0.1152,0.8046,32.5882,-68.6914,-68.2425,9737.7306,40.0981,-1.603,0.1752,1.7822,1.0255,3.2290,98.9568,5894,31.2403,0.5741,0,0.0000,,,,,,,,667,33.1346,0.0004,0.1468,1.0007,36.7316,0.1465,2.0357,99.2504,73,3.6264,0.0206,0.2233,1.0400,36.9863,0.2027,1.4267,98.6301,310,15.3999,-0.2743,-0.0933,0.5694,27.0968,0.1810,1.7349,98.0645,304,15.1018,-0.2080,-0.0228,0.6482,31.5789,0.1852,1.5977,99.0132,659,32.7372,-0.1295,0.0644,0.7760,30.9560,0.1939,1.6723,99.0895,382,-0.2521,-0.0595,0.6013,29.5812,1,508,57.0787
1d_n3,2,fractal,-,0.1,3,4,1768,-0.0698,0.8490,35.6335,-49.5667,-46.5840,8011.7720,43.9606,-1.056,0.1319,2.3814,0.9007,0.9615,99.5475,6410,31.2403,0.5741,0,0.0000,,,,,,,,575,32.5226,0.0399,0.1503,1.1044,39.8261,0.1103,2.7382,100.0000,66,3.7330,0.0452,0.2005,1.1025,39.3939,0.1553,1.9025,98.4848,264,14.9321,-0.1340,-0.0010,0.7350,32.5758,0.1330,2.3592,99.2424,272,15.3846,-0.2146,-0.0760,0.5772,32.3529,0.1385,2.1066,98.8971,591,33.4276,-0.0941,0.0526,0.8008,34.0102,0.1467,2.2242,99.6616,331,-0.2136,-0.0728,0.5957,32.0242,1,559,62.8090
1d_n3,2,atr,2,0,1.5,3,1802,-0.1424,0.7461,34.9612,-72.7996,-71.8664,8019.8194,26.2785,-2.351,0.1685,1.7962,0.9180,2.3862,98.7791,2459,32.6625,0.3994,0,0.0000,,,,,,,,576,31.9645,-0.0843,0.0575,0.8297,37.5000,0.1419,2.0574,99.3056,66,3.6626,-0.0893,0.1153,0.8212,34.8485,0.2046,1.4631,98.4848,274,15.2053,-0.1839,-0.0142,0.6730,33.5766,0.1697,1.7705,98.1752,281,15.5938,-0.1573,0.0301,0.7145,35.9431,0.1874,1.5574,98.2206,605,33.5738,-0.1778,0.0028,0.6756,32.7273,0.1806,1.7064,98.8430,348,-0.2400,-0.0559,0.6090,33.3333,1,288,45.2830
1d_n3,2,atr,2,0,1.5,4,1581,-0.1071,0.7668,35.2309,-59.4026,-57.5408,6217.7208,30.9778,-1.859,0.1264,2.4084,0.8054,0.5060,99.5572,2881,32.6625,0.3994,0,0.0000,,,,,,,,517,32.7008,-0.0879,0.0179,0.7926,37.3308,0.1058,2.7674,100.0000,59,3.7318,0.0243,0.1815,1.0628,37.2881,0.1572,1.9030,98.3051,237,14.9905,-0.1425,-0.0164,0.7114,33.7553,0.1261,2.3898,99.5781,239,15.1170,-0.0874,0.0581,0.8058,36.4017,0.1455,1.9985,98.3264,529,33.4598,-0.1335,0.0012,0.7112,33.0813,0.1347,2.3076,99.8110,292,-0.1732,-0.0345,0.6704,34.5890,1,344,54.0881
1d_n3,2,atr,2,0,2,3,1698,-0.1402,0.7602,32.2733,-72.0207,-69.3430,7865.7607,28.7479,-2.019,0.1689,1.7993,0.8650,2.4735,98.7044,2675,32.6625,0.3994,0,0.0000,,,,,,,,552,32.5088,-0.1097,0.0319,0.7901,34.2391,0.1416,2.0668,99.2754,63,3.7102,-0.0321,0.1709,0.9380,33.3333,0.2030,1.4869,98.4127,262,15.4299,-0.1769,-0.0063,0.6984,30.9160,0.1706,1.7595,98.0916,263,15.4888,-0.1439,0.0477,0.7505,32.6996,0.1916,1.5271,98.0989,558,32.8622,-0.1636,0.0169,0.7125,30.6452,0.1805,1.7168,98.7455,339,-0.2362,-0.0509,0.6288,30.3835,1,297,46.6981
1d_n3,2,atr,2,0,2,4,1500,-0.1186,0.7566,33.2000,-61.1133,-59.2799,5869.4696,32.9586,-1.85,0.1262,2.4147,0.7641,0.5333,99.5333,3053,32.6625,0.3994,0,0.0000,,,,,,,,498,33.2000,-0.1133,-0.0078,0.7469,35.3414,0.1055,2.7803,100.0000,50,3.3333,0.0291,0.1863,1.0752,38.0000,0.1572,1.8542,98.0000,227,15.1333,-0.1815,-0.0558,0.6519,30.3965,0.1257,2.4027,99.5595,227,15.1333,-0.0745,0.0714,0.8379,35.2423,0.1458,1.9986,98.2379,498,33.2000,-0.1301,0.0051,0.7297,30.9237,0.1352,2.3005,99.7992,284,-0.1501,-0.0113,0.7239,33.0986,1,352,55.3459
1d_n3,2,atr,2,0,3,3,1600,-0.1574,0.7492,29.9375,-74.0970,-71.3677,7360.9501,31.3403,-1.966,0.1687,1.8033,0.8151,2.3750,98.6875,2895,32.6625,0.3994,0,0.0000,,,,,,,,528,33.0000,-0.1447,-0.0035,0.7390,31.6288,0.1412,2.0769,99.2424,52,3.2500,-0.1396,0.0653,0.7539,30.7692,0.2049,1.4524,98.0769,250,15.6250,-0.2202,-0.0503,0.6410,28.0000,0.1700,1.7725,98.0000,249,15.5625,-0.1944,-0.0022,0.6796,29.7189,0.1922,1.5278,97.9920,521,32.5625,-0.1242,0.0569,0.7885,29.1747,0.1812,1.7075,98.8484,332,-0.2165,-0.0310,0.6695,28.9157,1,304,47.7987
1d_n3,2,atr,2,0,3,4,1425,-0.1139,0.7680,32.1404,-59.2615,-56.1206,5653.2779,35.1102,-1.55,0.1267,2.4245,0.7259,0.5614,99.5088,3254,32.6625,0.3994,0,0.0000,,,,,,,,462,32.4211,-0.1068,-0.0016,0.7714,34.6320,0.1051,2.8066,100.0000,46,3.2281,0.0512,0.2109,1.1193,34.7826,0.1597,1.8418,97.8261,219,15.3684,-0.1754,-0.0494,0.6660,29.6804,0.1260,2.4190,99.5434,218,15.2982,-0.1193,0.0268,0.7499,33.0275,0.1461,2.0217,98.1651,480,33.6842,-0.1061,0.0298,0.7845,30.2083,0.1358,2.2980,99.7917,278,-0.1544,-0.0148,0.7211,31.6547,1,358,56.2893
1d_n3,2,atr,2,0.1,1.5,3,1934,-0.1412,0.7537,35.2120,-75.5826,-74.1845,8455.0017,29.0237,-2.42,0.1678,1.8049,0.9852,2.3268,98.9142,3199,32.6625,0.3994,0,0.0000,,,,,,,,622,32.1613,-0.0938,0.0480,0.8136,37.9421,0.1418,2.0684,99.3569,66,3.4126,-0.1433,0.0636,0.7327,33.3333,0.2070,1.4542,98.4848,294,15.2017,-0.1905,-0.0204,0.6656,33.3333,0.1701,1.7587,98.2993,297,15.3568,-0.1577,0.0294,0.7153,36.7003,0.1870,1.5627,98.3165,655,33.8676,-0.1563,0.0225,0.7082,32.9771,0.1788,1.7204,99.0840,359,-0.2293,-0.0468,0.6295,34.8189,1,369,50.6868
1d_n3,2,atr,2,0.1,1.5,4,1657,-0.0952,0.7923,35.7876,-57.1247,-55.1474,6708.9822,34.0717,-1.682,0.1256,2.4280,0.8441,0.3621,99.6379,3748,32.6625,0.3994,0,0.0000,,,,,,,,554,33.4339,-0.0653,0.0409,0.8431,38.6282,0.1063,2.7755,100.0000,57,3.4400,-0.0016,0.1596,0.9963,36.8421,0.1612,1.8836,98.2456,244,14.7254,-0.1423,-0.0174,0.7117,34.0164,0.1249,2.4067,99.5902,248,14.9668,-0.0840,0.0603,0.8160,37.0968,0.1443,2.0117,98.7903,554,33.4339,-0.1190,0.0141,0.7352,33.0325,0.1331,2.3322,99.8195,290,-0.1537,-0.0173,0.7085,36.5517,1,438,60.1648
1d_n3,2,atr,2,0.1,2,3,1806,-0.1388,0.7662,32.2813,-73.5831,-71.3176,8208.1029,31.7486,-2.048,0.1679,1.8116,0.9200,2.3810,98.8372,3481,32.6625,0.3994,0,0.0000,,,,,,,,594,32.8904,-0.1014,0.0406,0.8071,35.0168,0.1420,2.0721,99.3266,63,3.4884,-0.0820,0.1260,0.8526,31.7460,0.2080,1.4628,98.4127,275,15.2270,-0.1756,-0.0043,0.7038,30.5455,0.1713,1.7544,98.1818,278,15.3931,-0.1411,0.0492,0.7569,33.4532,0.1902,1.5381,98.2014,596,33.0011,-0.1639,0.0137,0.7065,29.8658,0.1776,1.7426,98.9933,348,-0.2170,-0.0332,0.6616,31.6092,1,380,52.1978
1d_n3,2,atr,2,0.1,2,4,1562,-0.1036,0.7876,33.6108,-59.0587,-56.0173,6337.7185,36.1073,-1.633,0.1252,2.4382,0.7957,0.3841,99.6159,3960,32.6625,0.3994,0,0.0000,,,,,,,,535,34.2510,-0.0905,0.0154,0.7961,36.2617,0.1059,2.7922,100.0000,48,3.0730,0.0662,0.2280,1.1580,37.5000,0.1619,1.8292,97.9167,230,14.7247,-0.1594,-0.0356,0.6933,31.3043,0.1238,2.4305,99.5652,235,15.0448,-0.0692,0.0747,0.8525,35.7447,0.1439,2.0206,98.7234,514,32.9065,-0.1238,0.0101,0.7360,30.5447,0.1339,2.3210,99.8054,281,-0.1354,0.0013,0.7545,34.1637,1,447,61.4011
1d_n3,2,atr,2,0.1,3,3,1679,-0.1495,0.7709,30.1370,-75.0094,-71.3513,7971.4837,34.4762,-1.887,0.1676,1.8210,0.8553,2.3228,98.8088,3770,32.6625,0.3994,0,0.0000,,,,,,,,565,33.6510,-0.1256,0.0158,0.7741,32.7434,0.1414,2.0897,99.2920,51,3.0375,-0.0838,0.1280,0.8639,29.4118,0.2119,1.4244,98.0392,258,15.3663,-0.1897,-0.0194,0.6932,28.2946,0.1704,1.7720,98.0620,261,15.5450,-0.1743,0.0155,0.7170,30.6513,0.1898,1.5487,98.0843,544,32.4002,-0.1494,0.0294,0.7424,28.1250,0.1788,1.7330,99.0809,340,-0.1935,-0.0096,0.7092,29.7059,1,388,53.2967
1d_n3,2,atr,2,0.1,3,4,1464,-0.0975,0.8044,32.7869,-55.9051,-51.7971,6147.5304,38.3142,-1.328,0.1261,2.4394,0.7458,0.4098,99.5902,4205,32.6625,0.3994,0,0.0000,,,,,,,,487,33.2650,-0.0735,0.0331,0.8415,36.3450,0.1066,2.7962,100.0000,44,3.0055,0.0325,0.1976,1.0662,31.8182,0.1651,1.8139,97.7273,221,15.0956,-0.1359,-0.0112,0.7426,31.2217,0.1246,2.4345,99.5475,225,15.3689,-0.1118,0.0325,0.7722,33.3333,0.1442,2.0445,98.6667,487,33.2650,-0.1093,0.0252,0.7738,29.7741,0.1345,2.3237,99.7947,276,-0.1256,0.0116,0.7754,33.3333,1,452,62.0879
1d_n3,3,fractal,-,0,1.5,3,1772,-0.1507,0.7416,35.7223,-74.0372,-73.0599,8376.5366,26.7980,-2.485,0.1811,1.7033,0.9027,3.2167,98.5892,2442,31.2403,0.5741,0,0.0000,,,,,,,,539,30.4176,-0.0292,0.1224,0.9366,39.7032,0.1516,1.9667,99.2579,71,4.0068,-0.1134,0.1005,0.7844,38.0282,0.2139,1.4987,98.5915,268,15.1242,-0.2304,-0.0459,0.5978,33.2090,0.1845,1.6821,97.0149,292,16.4786,-0.2012,-0.0119,0.6491,34.2466,0.1893,1.5698,97.9452,602,33.9729,-0.2038,-0.0056,0.6448,33.7209,0.1982,1.5658,99.0033,340,-0.2428,-0.0450,0.5933,34.7059,1,255,42.8571
1d_n3,3,fractal,-,0,1.5,4,1553,-0.1017,0.7767,36.7675,-55.9604,-54.8770,6626.7220,32.0882,-1.763,0.1362,2.2868,0.7911,1.0947,99.4205,2872,31.2403,0.5741,0,0.0000,,,,,,,,494,31.8094,-0.0146,0.0989,0.9616,40.2834,0.1136,2.6544,100.0000,59,3.7991,-0.0483,0.1132,0.8750,38.9831,0.1615,1.9910,98.3051,233,15.0032,-0.1991,-0.0615,0.5971,33.4764,0.1375,2.2797,99.1416,242,15.5827,-0.1619,-0.0213,0.6722,34.2975,0.1406,2.1167,98.3471,525,33.8055,-0.1187,0.0333,0.7507,35.8095,0.1520,2.0558,99.6190,289,-0.2239,-0.0771,0.5753,34.6021,1,306,51.4286
1d_n3,3,fractal,-,0,2,3,1667,-0.1438,0.7521,33.4733,-70.0217,-69.3442,7935.9176,29.4240,-2.065,0.1813,1.7133,0.8492,3.3593,98.5603,2657,31.2403,0.5741,0,0.0000,,,,,,,,524,31.4337,-0.0308,0.1209,0.9364,37.0229,0.1518,1.9732,99.2366,65,3.8992,-0.1545,0.0573,0.7217,33.8462,0.2118,1.5360,98.4615,254,15.2370,-0.2637,-0.0791,0.5654,29.9213,0.1846,1.6819,96.8504,265,15.8968,-0.2105,-0.0203,0.6525,31.6981,0.1902,1.5814,97.7358,559,33.5333,-0.1624,0.0375,0.7238,32.5581,0.1998,1.5672,99.1055,327,-0.2694,-0.0723,0.5702,32.1101,1,268,45.0420
1d_n3,3,fractal,-,0,2,4,1474,-0.1091,0.7683,34.8711,-57.9044,-55.6489,6185.3858,34.5311,-1.713,0.1360,2.3056,0.7509,1.1533,99.3894,3057,31.2403,0.5741,0,0.0000,,,,,,,,473,32.0896,-0.0006,0.1109,0.9984,38.9006,0.1115,2.6901,100.0000,56,3.7992,-0.0148,0.1453,0.9629,37.5000,0.1601,2.0176,98.2143,220,14.9254,-0.1832,-0.0442,0.6367,32.7273,0.1390,2.2876,99.0909,229,15.5360,-0.1935,-0.0516,0.6298,31.8777,0.1419,2.1169,98.2533,496,33.6499,-0.1513,0.0012,0.7011,33.0645,0.1525,2.0665,99.5968,285,-0.2259,-0.0786,0.5788,34.0351,1,310,52.1008
1d_n3,3,fractal,-,0,3,3,1566,-0.1452,0.7598,31.2261,-69.4407,-67.3844,7574.6099,32.3432,-1.773,0.1810,1.7268,0.7978,3.4483,98.5313,2883,31.2403,0.5741,0,0.0000,,,,,,,,497,31.7369,-0.0000,0.1497,1.0000,35.4125,0.1497,1.9951,99.3964,62,3.9591,-0.1156,0.0944,0.7993,30.6452,0.2100,1.5561,98.3871,238,15.1980,-0.2694,-0.0833,0.5740,28.1513,0.1861,1.6841,96.6387,248,15.8365,-0.2473,-0.0564,0.6124,28.2258,0.1909,1.5847,97.5806,521,33.2695,-0.1820,0.0184,0.7064,30.1344,0.2004,1.5784,99.0403,322,-0.2474,-0.0494,0.6133,30.7453,1,273,45.8824
1d_n3,3,fractal,-,0,3,4,1398,-0.0885,0.8195,33.7625,-50.1957,-46.6852,6542.4345,36.6470,-1.191,0.1367,2.3035,0.7122,1.2160,99.3562,3245,31.2403,0.5741,0,0.0000,,,,,,,,436,31.1874,0.0488,0.1596,1.1248,39.2202,0.1109,2.7189,100.0000,56,4.0057,0.0438,0.2039,1.1096,35.7143,0.1601,2.0176,98.2143,213,15.2361,-0.1725,-0.0324,0.6597,32.3944,0.1401,2.2830,99.0610,220,15.7368,-0.1725,-0.0302,0.6721,30.4545,0.1423,2.1064,98.1818,473,33.8340,-0.1538,-0.0001,0.7094,30.6554,0.1537,2.0552,99.5772,282,-0.1701,-0.0222,0.6857,33.3333,1,313,52.6050
1d_n3,3,fractal,-,0.1,1.5,3,1884,-0.1422,0.7573,36.0934,-74.2306,-73.2136,8775.2313,30.1538,-2.408,0.1781,1.7226,0.9598,3.1316,98.7261,3228,31.2403,0.5741,0,0.0000,,,,,,,,582,30.8917,-0.0231,0.1269,0.9505,41.0653,0.1500,1.9740,99.3127,73,3.8747,-0.1443,0.0753,0.7451,36.9863,0.2196,1.4823,98.6301,292,15.4989,-0.2617,-0.0768,0.5593,30.8219,0.1850,1.6689,97.2603,318,16.8790,-0.1836,0.0018,0.6736,34.5912,0.1854,1.5723,98.4277,619,32.8556,-0.1763,0.0164,0.6872,34.5719,0.1927,1.6171,99.0307,353,-0.2630,-0.0675,0.5728,33.9943,1,327,48.0882
1d_n3,3,fractal,-,0.1,1.5,4,1611,-0.0985,0.7851,36.8094,-56.3751,-55.1575,6758.9759,35.8656,-1.726,0.1334,2.3199,0.8207,1.1794,99.5655,3791,31.2403,0.5741,0,0.0000,,,,,,,,529,32.8367,-0.0109,0.1014,0.9720,41.2098,0.1123,2.6549,100.0000,61,3.7865,-0.1445,0.0225,0.6935,34.4262,0.1670,1.9510,98.3607,240,14.8976,-0.2137,-0.0768,0.5746,32.0833,0.1369,2.2820,99.1667,260,16.1390,-0.1711,-0.0333,0.6563,33.4615,0.1378,2.1227,99.2308,521,32.3402,-0.0927,0.0545,0.7973,36.4683,0.1472,2.1388,99.6161,288,-0.2332,-0.0897,0.5651,34.7222,1,392,57.6471
1d_n3,3,fractal,-,0.1,2,3,1742,-0.1394,0.7610,33.5821,-70.6058,-69.7893,8066.8572,32.9304,-2.03,0.1780,1.7387,0.8874,3.3295,98.7371,3510,31.2403,0.5741,0,0.0000,,,,,,,,563,32.3192,-0.0297,0.1205,0.9396,38.0107,0.1501,1.9797,99.2895,67,3.8462,-0.1936,0.0249,0.6812,32.8358,0.2185,1.5077,98.5075,267,15.3272,-0.2809,-0.0966,0.5524,28.0899,0.1843,1.6834,97.3783,286,16.4179,-0.1986,-0.0116,0.6688,31.4685,0.1871,1.5808,98.2517,559,32.0896,-0.1455,0.0481,0.7492,32.9159,0.1935,1.6308,99.1055,333,-0.2629,-0.0683,0.5893,32.4324,1,347,51.0294
1d_n3,3,fractal,-,0.1,2,4,1506,-0.1033,0.7843,35.0598,-57.1595,-54.4766,6363.7432,38.2466,-1.608,0.1333,2.3418,0.7672,1.2616,99.5352,4023,31.2403,0.5741,0,0.0000,,,,,,,,499,33.1341,-0.0117,0.0997,0.9712,39.2786,0.1114,2.6789,100.0000,57,3.7849,-0.0666,0.0997,0.8592,33.3333,0.1663,1.9861,98.2456,223,14.8074,-0.1731,-0.0349,0.6550,32.2870,0.1382,2.2980,99.1031,244,16.2019,-0.1902,-0.0514,0.6334,31.9672,0.1388,2.1241,99.1803,483,32.0717,-0.1262,0.0209,0.7420,33.7474,0.1470,2.1658,99.5859,281,-0.2286,-0.0840,0.5791,33.8078,1,399,58.6765
1d_n3,3,fractal,-,0.1,3,3,1612,-0.1372,0.7774,31.4516,-68.8207,-66.3148,7870.7945,35.9257,-1.67,0.1772,1.7572,0.8212,3.4119,98.6973,3804,31.2403,0.5741,0,0.0000,,,,,,,,525,32.5682,-0.0055,0.1433,0.9891,36.1905,0.1488,1.9985,99.4286,62,3.8462,-0.1570,0.0578,0.7480,30.6452,0.2148,1.5496,98.3871,251,15.5707,-0.2620,-0.0764,0.5957,26.6932,0.1856,1.6925,97.2112,265,16.4392,-0.2561,-0.0680,0.5952,27.9245,0.1881,1.5836,98.1132,509,31.5757,-0.1471,0.0450,0.7570,30.8448,0.1921,1.6559,99.0177,328,-0.2530,-0.0575,0.6142,30.1829,1,352,51.7647
1d_n3,3,fractal,-,0.1,3,4,1423,-0.0828,0.8338,33.5207,-49.1273,-45.1169,6693.8165,40.2625,-1.097,0.1338,2.3453,0.7249,1.2649,99.5081,4219,31.2403,0.5741,0,0.0000,,,,,,,,462,32.4666,0.0668,0.1775,1.1659,40.0433,0.1107,2.7088,100.0000,56,3.9353,-0.0400,0.1242,0.9168,30.3571,0.1642,2.0077,98.2143,215,15.1089,-0.1626,-0.0244,0.6819,31.1628,0.1382,2.3139,99.0698,231,16.2333,-0.2644,-0.1247,0.5108,27.7056,0.1397,2.1078,99.1342,459,32.2558,-0.1099,0.0383,0.7845,31.3725,0.1482,2.1549,99.5643,277,-0.2022,-0.0569,0.6363,32.1300,1,403,59.2647
1d_n3,3,atr,2,0,1.5,3,1599,-0.1554,0.7333,34.8343,-71.8076,-70.7674,7449.7296,23.5339,-2.433,0.1716,1.7687,0.8146,2.6266,98.6241,1774,32.6625,0.3994,0,0.0000,,,,,,,,498,31.1445,-0.1045,0.0381,0.7965,37.3494,0.1426,2.0644,98.9960,53,3.3146,-0.0246,0.1914,0.9504,35.8491,0.2160,1.3682,98.1132,241,15.0719,-0.2320,-0.0562,0.6109,32.7801,0.1758,1.7055,97.9253,263,16.4478,-0.1832,0.0044,0.6854,33.8403,0.1876,1.5621,98.0989,544,34.0213,-0.1673,0.0168,0.6922,33.8235,0.1841,1.6649,98.8971,320,-0.2306,-0.0456,0.6283,34.0625,1,205,39.0476
1d_n3,3,atr,2,0,1.5,4,1405,-0.1189,0.7502,34.7331,-58.2377,-57.1105,5692.9919,28.4541,-1.943,0.1297,2.3588,0.7157,0.4982,99.4306,2132,32.6625,0.3994,0,0.0000,,,,,,,,446,31.7438,-0.0914,0.0153,0.7914,37.4439,0.1067,2.7587,99.7758,48,3.4164,0.0403,0.2079,1.0980,33.3333,0.1676,1.7767,97.9167,210,14.9466,-0.2148,-0.0839,0.6022,30.9524,0.1308,2.2938,99.5238,225,16.0142,-0.1567,-0.0094,0.6896,32.8889,0.1473,2.0003,98.2222,476,33.8790,-0.1006,0.0380,0.7764,34.8739,0.1386,2.2410,99.7899,275,-0.2033,-0.0632,0.6314,34.1818,1,250,47.6190
1d_n3,3,atr,2,0,2,3,1518,-0.1593,0.7375,31.6864,-70.8699,-69.9704,7133.4426,26.0347,-2.191,0.1724,1.7696,0.7733,2.7668,98.5507,1943,32.6625,0.3994,0,0.0000,,,,,,,,486,32.0158,-0.1219,0.0205,0.7748,34.1564,0.1424,2.0712,98.9712,50,3.2938,0.0998,0.3156,1.1923,34.0000,0.2158,1.3899,98.0000,232,15.2833,-0.2264,-0.0492,0.6353,30.1724,0.1771,1.6950,97.8448,241,15.8762,-0.2244,-0.0318,0.6428,29.4606,0.1926,1.5327,97.9253,509,33.5310,-0.1590,0.0261,0.7217,30.8448,0.1851,1.6653,98.8212,310,-0.2430,-0.0563,0.6265,31.2903,1,215,40.9524
1d_n3,3,atr,2,0,2,4,1332,-0.1238,0.7517,32.7327,-58.7831,-56.5842,5429.9659,30.7574,-1.808,0.1293,2.3741,0.6786,0.5255,99.3994,2289,32.6625,0.3994,0,0.0000,,,,,,,,433,32.5075,-0.1039,0.0024,0.7702,35.7968,0.1063,2.7707,99.7691,45,3.3784,0.0973,0.2630,1.2275,33.3333,0.1657,1.8089,97.7778,196,14.7147,-0.2600,-0.1293,0.5462,28.5714,0.1308,2.3025,99.4898,213,15.9910,-0.1199,0.0286,0.7708,31.9249,0.1485,1.9897,98.1221,445,33.4084,-0.1072,0.0310,0.7722,31.9101,0.1382,2.2610,99.7753,269,-0.1883,-0.0478,0.6731,32.7138,1,256,48.7619
1d_n3,3,atr,2,0,3,3,1412,-0.1698,0.7315,29.2493,-72.1937,-69.6620,6572.4360,29.0950,-1.973,0.1715,1.7851,0.7193,2.6912,98.6544,2166,32.6625,0.3994,0,0.0000,,,,,,,,469,33.2153,-0.1484,-0.0063,0.7392,31.5565,0.1421,2.0783,99.1471,46,3.2578,0.1393,0.3540,1.2512,30.4348,0.2147,1.4088,97.8261,213,15.0850,-0.2350,-0.0591,0.6385,29.1080,0.1759,1.7091,97.6526,221,15.6516,-0.2423,-0.0479,0.6338,26.2443,0.1945,1.5302,97.7376,463,32.7904,-0.1576,0.0265,0.7357,28.2937,0.1840,1.6820,99.1361,299,-0.2151,-0.0280,0.6798,29.7659,1,226,43.0476
1d_n3,3,atr,2,0,3,4,1245,-0.1186,0.7707,31.4859,-56.4300,-52.8427,5305.1960,33.0688,-1.47,0.1298,2.3786,0.6342,0.5622,99.3574,2475,32.6625,0.3994,0,0.0000,,,,,,,,401,32.2088,-0.0853,0.0210,0.8160,35.6608,0.1063,2.7741,99.7506,42,3.3735,0.2003,0.3620,1.4364,33.3333,0.1617,1.8557,97.6190,187,15.0201,-0.2205,-0.0894,0.6150,29.4118,0.1311,2.3126,99.4652,197,15.8233,-0.1427,0.0067,0.7345,30.4569,0.1494,2.0066,97.9695,418,33.5743,-0.1258,0.0136,0.7499,28.7081,0.1394,2.2567,99.7608,260,-0.1803,-0.0389,0.6978,31.9231,1,265,50.4762
1d_n3,3,atr,2,0.1,1.5,3,1723,-0.1519,0.7376,34.9391,-74.0035,-72.8367,7731.8806,26.0469,-2.484,0.1694,1.7848,0.8777,2.4376,98.7232,2302,32.6625,0.3994,0,0.0000,,,,,,,,533,30.9344,-0.0988,0.0435,0.8092,38.2739,0.1423,2.0821,99.0619,53,3.0760,-0.0697,0.1317,0.8673,33.9623,0.2014,1.5378,98.1132,260,15.0900,-0.2473,-0.0722,0.5874,31.5385,0.1751,1.7034,98.0769,279,16.1927,-0.1839,-0.0018,0.6778,34.0502,0.1821,1.5716,98.2079,598,34.7069,-0.1502,0.0322,0.7200,33.9465,0.1824,1.6767,98.9967,330,-0.2339,-0.0538,0.6208,34.2424,1,264,44.4444
1d_n3,3,atr,2,0.1,1.5,4,1486,-0.1017,0.7815,35.3970,-55.2646,-53.7055,6098.6910,31.3792,-1.692,0.1278,2.3913,0.7570,0.2692,99.4616,2752,32.6625,0.3994,0,0.0000,,,,,,,,478,32.1669,-0.0600,0.0465,0.8619,39.1213,0.1065,2.7873,99.7908,43,2.8937,0.0462,0.2088,1.1156,32.5581,0.1625,1.9560,97.6744,218,14.6703,-0.2149,-0.0851,0.5956,31.1927,0.1298,2.3192,99.5413,235,15.8143,-0.1207,0.0223,0.7545,34.4681,0.1430,1.9998,98.2979,512,34.4549,-0.0960,0.0408,0.7865,34.3750,0.1368,2.2686,99.8047,273,-0.1682,-0.0325,0.6880,36.6300,1,321,54.0404
1d_n3,3,atr,2,0.1,2,3,1621,-0.1500,0.7484,31.7705,-71.6082,-70.3702,7377.8589,28.8374,-2.111,0.1701,1.7895,0.8258,2.5293,98.6428,2530,32.6625,0.3994,0,0.0000,,,,,,,,519,32.0173,-0.0973,0.0449,0.8200,35.2601,0.1422,2.0905,99.0366,48,2.9611,0.0757,0.2818,1.1404,33.3333,0.2061,1.5245,97.9167,249,15.3609,-0.2588,-0.0830,0.5888,28.5141,0.1758,1.7086,97.9920,255,15.7310,-0.1731,0.0138,0.7161,30.9804,0.1868,1.5377,98.0392,550,33.9297,-0.1594,0.0236,0.7215,30.1818,0.1830,1.6818,98.9091,317,-0.2277,-0.0459,0.6495,31.8612,1,277,46.6330
1d_n3,3,atr,2,0.1,2,4,1395,-0.1108,0.7755,32.8315,-57.2620,-54.4564,5711.7334,33.8114,-1.645,0.1273,2.4107,0.7106,0.2867,99.4265,2961,32.6625,0.3994,0,0.0000,,,,,,,,461,33.0466,-0.0805,0.0258,0.8234,36.8764,0.1063,2.8001,99.7831,40,2.8674,0.1221,0.2821,1.2959,32.5000,0.1600,2.0056,97.5000,200,14.3369,-0.2720,-0.1428,0.5209,28.5000,0.1292,2.3388,99.5000,222,15.9140,-0.0589,0.0850,0.8833,32.8829,0.1439,1.9863,98.1982,472,33.8351,-0.1162,0.0202,0.7556,30.7203,0.1364,2.2949,99.7881,265,-0.1622,-0.0256,0.7160,33.9623,1,329,55.3872
1d_n3,3,atr,2,0.1,3,3,1495,-0.1552,0.7530,29.2977,-71.6476,-68.6963,6929.4448,31.9860,-1.832,0.1691,1.8089,0.7616,2.4749,98.7291,2803,32.6625,0.3994,0,0.0000,,,,,,,,500,33.4448,-0.1133,0.0284,0.8013,32.8000,0.1417,2.1029,99.2000,44,2.9431,0.0833,0.2875,1.1457,29.5455,0.2042,1.5565,97.7273,226,15.1171,-0.2589,-0.0853,0.6077,27.4336,0.1736,1.7373,97.7876,234,15.6522,-0.1713,0.0174,0.7350,27.3504,0.1887,1.5230,97.8632,491,32.8428,-0.1639,0.0185,0.7272,27.4949,0.1824,1.7013,99.1853,307,-0.1868,-0.0051,0.7230,29.9674,1,287,48.3165
1d_n3,3,atr,2,0.1,3,4,1297,-0.0974,0.8133,31.5343,-52.0459,-47.7609,5824.3917,36.1887,-1.22,0.1282,2.4107,0.6607,0.3084,99.3832,3181,32.6625,0.3994,0,0.0000,,,,,,,,429,33.0763,-0.0541,0.0525,0.8842,36.5967,0.1067,2.7936,99.7669,37,2.8527,0.2922,0.4471,1.7034,35.1351,0.1549,2.0748,97.2973,192,14.8034,-0.2391,-0.1094,0.5843,29.1667,0.1297,2.3453,99.4792,201,15.4973,-0.0759,0.0719,0.8566,30.3483,0.1477,1.9388,98.0100,438,33.7702,-0.1205,0.0168,0.7618,27.8539,0.1373,2.3091,99.7717,257,-0.1426,-0.0051,0.7568,33.0739,1,337,56.7340
