context,n_15m,detector,atr_mult,buffer,r_target,k_stop,trades,expectancy_r,profit_factor,win_rate_pct,max_drawdown_pct,net_return_pct,fees_paid,exposure_pct,sharpe_annualized,avg_cost_r,avg_stop_pct,trades_per_day,capped_share_pct,share_stop_dominated_pct,ignored_in_position,pct_time_neutral_context,context_state_changes_per_week
4h_n5,2,fractal,-,0,1.5,3,2042,-0.1929,0.6830,33.4476,-86.6834,-86.2032,7939.7526,28.3120,-3.591,0.1744,1.7069,1.0402,2.4976,98.8737,3539,38.4030,2.4962
4h_n5,2,fractal,-,0,1.5,4,1818,-0.1559,0.6762,33.6084,-76.2033,-76.1330,6176.4713,33.7054,-3.031,0.1315,2.2743,0.9261,0.4950,99.6150,4145,38.4030,2.4962
4h_n5,2,fractal,-,0,2,3,1954,-0.1978,0.6909,31.4227,-85.9716,-85.7750,7810.1292,30.6999,-3.273,0.1747,1.7037,0.9954,2.5077,98.9253,3782,38.4030,2.4962
4h_n5,2,fractal,-,0,2,4,1747,-0.1543,0.6859,32.3412,-74.5625,-74.5160,6107.7251,35.4807,-2.725,0.1316,2.2806,0.8900,0.5152,99.5993,4329,38.4030,2.4962
4h_n5,2,fractal,-,0,3,3,1859,-0.1874,0.7072,29.9623,-83.1699,-82.9281,7728.4450,33.1385,-2.717,0.1749,1.7084,0.9470,2.5282,98.9779,4050,38.4030,2.4962
4h_n5,2,fractal,-,0,3,4,1681,-0.1548,0.6893,31.4694,-73.4756,-73.4231,5949.9171,37.1229,-2.508,0.1321,2.2715,0.8563,0.4759,99.7026,4543,38.4030,2.4962
4h_n5,2,fractal,-,0.1,1.5,3,2185,-0.1918,0.6825,33.9588,-88.1427,-87.8836,7783.7865,31.9972,-3.65,0.1728,1.7285,1.1131,2.4714,99.0389,4798,38.4030,2.4962
4h_n5,2,fractal,-,0.1,1.5,4,1897,-0.1523,0.6807,34.0538,-76.8670,-76.8657,6113.7141,37.3848,-2.979,0.1301,2.3121,0.9664,0.4744,99.6837,5530,38.4030,2.4962
4h_n5,2,fractal,-,0.1,2,3,2069,-0.2029,0.6756,31.2228,-88.0334,-87.9956,7304.0334,34.3618,-3.398,0.1729,1.7299,1.0540,2.5133,99.1300,5104,38.4030,2.4962
4h_n5,2,fractal,-,0.1,2,4,1810,-0.1516,0.6947,32.6519,-75.2057,-75.2057,6156.8852,39.2804,-2.663,0.1304,2.3194,0.9221,0.4972,99.6685,5774,38.4030,2.4962
4h_n5,2,fractal,-,0.1,3,3,1947,-0.2019,0.6845,29.4299,-86.2963,-86.2963,7150.8297,37.1767,-2.92,0.1730,1.7372,0.9918,2.5681,99.1782,5480,38.4030,2.4962
4h_n5,2,fractal,-,0.1,3,4,1735,-0.1559,0.6838,31.4697,-74.8526,-74.8526,5757.2284,41.2202,-2.495,0.1311,2.3060,0.8839,0.4611,99.7118,6067,38.4030,2.4962
4h_n5,2,atr,2,0,1.5,3,1641,-0.1643,0.7307,34.7349,-74.9846,-74.0418,8196.7306,24.9264,-2.693,0.1757,1.7217,0.8360,2.8032,98.7203,2351,38.6338,2.0790
4h_n5,2,atr,2,0,1.5,4,1442,-0.1190,0.7407,34.9515,-58.6788,-58.0406,6053.9688,30.2459,-2.021,0.1320,2.3092,0.7346,0.6241,99.6533,2870,38.6338,2.0790
4h_n5,2,atr,2,0,2,3,1557,-0.1666,0.7336,32.1773,-73.5545,-72.7184,7789.6205,27.2159,-2.377,0.1757,1.7255,0.7932,2.7617,98.6513,2559,38.6338,2.0790
4h_n5,2,atr,2,0,2,4,1398,-0.1126,0.7689,33.5479,-56.3728,-54.9661,6232.9017,32.1846,-1.715,0.1317,2.3149,0.7122,0.6438,99.6423,3034,38.6338,2.0790
4h_n5,2,atr,2,0,3,3,1488,-0.1618,0.7516,30.5108,-71.9473,-70.3438,7761.2806,30.0021,-1.985,0.1756,1.7300,0.7580,2.6882,98.6559,2797,38.6338,2.0790
4h_n5,2,atr,2,0,3,4,1343,-0.1021,0.7961,32.6880,-51.9472,-50.3503,6335.3741,34.1776,-1.384,0.1325,2.3190,0.6842,0.6701,99.6277,3212,38.6338,2.0790
4h_n5,2,atr,2,0.1,1.5,3,1790,-0.1566,0.7399,35.0838,-75.8790,-75.4450,8586.8896,27.4821,-2.663,0.1750,1.7382,0.9119,2.8492,98.9385,3039,38.6338,2.0790
4h_n5,2,atr,2,0.1,1.5,4,1548,-0.1157,0.7404,34.7545,-59.8631,-59.7250,6134.9937,33.2013,-2.031,0.1311,2.3340,0.7886,0.5168,99.6770,3664,38.6338,2.0790
4h_n5,2,atr,2,0.1,2,3,1686,-0.1616,0.7364,32.1471,-74.7800,-74.5302,7977.2906,30.0260,-2.38,0.1748,1.7423,0.8589,2.7284,98.9324,3302,38.6338,2.0790
4h_n5,2,atr,2,0.1,2,4,1493,-0.1046,0.7805,33.3557,-55.5006,-54.8297,6490.7559,35.3530,-1.641,0.1311,2.3365,0.7606,0.5358,99.6651,3880,38.6338,2.0790
4h_n5,2,atr,2,0.1,3,3,1597,-0.1512,0.7612,30.3694,-71.6553,-70.6121,7992.6948,33.0661,-1.896,0.1749,1.7462,0.8136,2.6925,98.9355,3609,38.6338,2.0790
4h_n5,2,atr,2,0.1,3,4,1421,-0.0969,0.7987,32.3716,-51.4703,-50.6591,6378.4996,37.6105,-1.348,0.1321,2.3379,0.7239,0.5630,99.6481,4123,38.6338,2.0790
4h_n5,3,fractal,-,0,1.5,3,1643,-0.2092,0.6754,33.6579,-82.1116,-82.0655,7164.7642,25.0983,-3.383,0.1787,1.6857,0.8370,2.6172,98.6610,2309,38.4030,2.4962
4h_n5,3,fractal,-,0,1.5,4,1479,-0.1710,0.6511,33.7390,-72.2483,-72.1036,5180.7948,30.3310,-2.897,0.1352,2.2454,0.7534,0.6085,99.4591,2714,38.4030,2.4962
4h_n5,3,fractal,-,0,2,3,1576,-0.2145,0.6587,30.9645,-81.8429,-81.6780,6473.8340,27.2351,-3.087,0.1788,1.6880,0.8029,2.5381,98.6041,2468,38.4030,2.4962
4h_n5,3,fractal,-,0,2,4,1419,-0.1666,0.6703,31.9944,-69.8770,-69.8219,5115.4560,32.4587,-2.534,0.1343,2.2622,0.7229,0.4933,99.4362,2880,38.4030,2.4962
4h_n5,3,fractal,-,0,3,3,1495,-0.2039,0.6741,28.9632,-78.5887,-78.5335,6242.9187,30.0548,-2.531,0.1783,1.6993,0.7616,2.4749,98.6622,2693,38.4030,2.4962
4h_n5,3,fractal,-,0,3,4,1356,-0.1541,0.6990,31.0472,-65.5684,-65.5054,5157.2278,34.6934,-2.093,0.1345,2.2660,0.6908,0.5162,99.5575,3060,38.4030,2.4962
4h_n5,3,fractal,-,0.1,1.5,3,1772,-0.2018,0.6798,33.6907,-83.4362,-83.3852,7183.5723,27.8190,-3.376,0.1751,1.7196,0.9027,2.4831,98.7585,3018,38.4030,2.4962
4h_n5,3,fractal,-,0.1,1.5,4,1549,-0.1661,0.6600,33.5055,-73.1642,-72.8016,5227.0489,33.5505,-2.874,0.1318,2.2899,0.7891,0.5165,99.6127,3555,38.4030,2.4962
4h_n5,3,fractal,-,0.1,2,3,1678,-0.2178,0.6519,30.3933,-84.3191,-84.1487,6321.2995,30.0734,-3.222,0.1758,1.7176,0.8548,2.4434,98.8081,3220,38.4030,2.4962
4h_n5,3,fractal,-,0.1,2,4,1478,-0.1643,0.6804,31.6644,-70.8785,-70.8361,5228.7382,35.7378,-2.528,0.1320,2.3001,0.7529,0.4736,99.5940,3753,38.4030,2.4962
4h_n5,3,fractal,-,0.1,3,3,1575,-0.2149,0.6634,28.1905,-82.0866,-81.9555,6099.6078,33.1529,-2.721,0.1757,1.7281,0.8023,2.5397,98.8571,3515,38.4030,2.4962
4h_n5,3,fractal,-,0.1,3,4,1409,-0.1571,0.6961,30.3762,-67.6989,-67.6519,5133.9677,38.0412,-2.152,0.1323,2.3046,0.7178,0.4968,99.6451,3975,38.4030,2.4962
4h_n5,3,atr,2,0,1.5,3,1407,-0.1788,0.7236,33.7598,-72.7712,-71.4826,7433.5662,22.7577,-2.636,0.1778,1.6959,0.7168,2.9140,98.4364,1750,38.6338,2.0790
4h_n5,3,atr,2,0,1.5,4,1250,-0.1376,0.7254,33.0400,-59.4064,-58.1988,5402.8662,27.9958,-2.091,0.1337,2.2648,0.6368,0.7200,99.5200,2148,38.6338,2.0790
4h_n5,3,atr,2,0,2,3,1353,-0.1901,0.7190,30.0074,-73.4062,-72.3478,7022.1393,24.8221,-2.465,0.1781,1.6964,0.6893,2.9564,98.3740,1889,38.6338,2.0790
4h_n5,3,atr,2,0,2,4,1204,-0.1394,0.7326,31.0631,-59.3648,-57.2896,5218.6453,30.0920,-1.878,0.1333,2.2756,0.6133,0.6645,99.5017,2287,38.6338,2.0790
4h_n5,3,atr,2,0,3,3,1283,-0.1854,0.7337,27.9813,-71.5361,-69.7854,6814.0309,27.6040,-2.045,0.1773,1.7108,0.6536,2.7280,98.3632,2089,38.6338,2.0790
4h_n5,3,atr,2,0,3,4,1152,-0.1245,0.7721,29.8611,-55.0887,-51.9340,5416.4018,32.2075,-1.49,0.1341,2.2800,0.5869,0.6944,99.4792,2439,38.6338,2.0790
4h_n5,3,atr,2,0.1,1.5,3,1555,-0.1622,0.7376,34.5338,-72.8489,-71.7867,7803.3735,25.2772,-2.518,0.1756,1.7165,0.7922,2.7653,98.5852,2236,38.6338,2.0790
4h_n5,3,atr,2,0.1,1.5,4,1357,-0.1252,0.7412,33.7509,-58.8302,-57.9074,5654.9456,30.9794,-1.987,0.1315,2.3004,0.6913,0.5158,99.5578,2732,38.6338,2.0790
4h_n5,3,atr,2,0.1,2,3,1479,-0.1782,0.7273,30.6288,-74.3185,-73.4109,7263.7657,27.6918,-2.403,0.1764,1.7132,0.7534,2.7721,98.5801,2432,38.6338,2.0790
4h_n5,3,atr,2,0.1,2,4,1297,-0.1248,0.7510,31.9969,-57.7843,-56.1482,5463.9492,33.2721,-1.75,0.1313,2.3114,0.6607,0.4626,99.5374,2922,38.6338,2.0790
4h_n5,3,atr,2,0.1,3,3,1389,-0.1741,0.7402,28.5817,-72.0843,-70.6349,7007.0175,30.6542,-1.992,0.1763,1.7242,0.7076,2.5918,98.5601,2698,38.6338,2.0790
4h_n5,3,atr,2,0.1,3,4,1225,-0.1090,0.7930,30.8571,-52.4369,-49.6922,5707.4297,35.7277,-1.335,0.1326,2.3108,0.6240,0.4898,99.5102,3136,38.6338,2.0790
1d_n3,2,fractal,-,0,1.5,3,2201,-0.1273,0.7667,36.3925,-75.8934,-74.8498,10042.0446,31.3403,-2.396,0.1780,1.7214,1.1212,3.1804,98.8642,3882,31.2403,0.5741
1d_n3,2,fractal,-,0,1.5,4,1917,-0.0780,0.8080,37.6630,-53.9629,-53.1874,7966.2391,36.3654,-1.559,0.1334,2.3091,0.9766,0.9911,99.5827,4441,31.2403,0.5741
1d_n3,2,fractal,-,0,2,3,2076,-0.1210,0.7844,34.4412,-72.5803,-71.1725,9918.6665,33.7416,-2.017,0.1784,1.7270,1.0576,3.3237,98.8921,4151,31.2403,0.5741
1d_n3,2,fractal,-,0,2,4,1815,-0.0830,0.8057,36.4738,-54.4603,-53.4737,7660.7322,38.5634,-1.482,0.1334,2.3241,0.9246,1.0468,99.5592,4685,31.2403,0.5741
1d_n3,2,fractal,-,0,3,3,1947,-0.1117,0.8106,32.8711,-67.0435,-65.8850,10137.5331,36.3186,-1.575,0.1790,1.7344,0.9918,3.4926,98.8701,4452,31.2403,0.5741
1d_n3,2,fractal,-,0,3,4,1740,-0.0712,0.8378,35.5172,-48.4305,-46.7773,7859.3081,40.0241,-1.116,0.1346,2.3169,0.8864,1.0920,99.5402,4874,31.2403,0.5741
1d_n3,2,fractal,-,0.1,1.5,3,2329,-0.1319,0.7593,36.4964,-78.8163,-78.1369,9766.6229,34.6274,-2.504,0.1756,1.7563,1.1864,3.0056,98.9695,5149,31.2403,0.5741
1d_n3,2,fractal,-,0.1,1.5,4,1989,-0.0719,0.8266,38.4113,-53.2983,-51.6795,8252.9061,39.9240,-1.424,0.1309,2.3646,1.0132,0.9050,99.5978,5847,31.2403,0.5741
1d_n3,2,fractal,-,0.1,2,3,2178,-0.1193,0.7870,34.6189,-73.4224,-72.4646,9803.2276,37.1517,-1.973,0.1753,1.7659,1.1095,3.1221,98.9899,5482,31.2403,0.5741
1d_n3,2,fractal,-,0.1,2,4,1865,-0.0792,0.8191,36.7828,-54.6893,-52.8338,7793.2229,42.2901,-1.386,0.1309,2.3855,0.9501,0.9651,99.5710,6168,31.2403,0.5741
1d_n3,2,fractal,-,0.1,3,3,2013,-0.1152,0.8046,32.5882,-68.6914,-68.2425,9737.7306,40.0981,-1.603,0.1752,1.7822,1.0255,3.2290,98.9568,5894,31.2403,0.5741
1d_n3,2,fractal,-,0.1,3,4,1768,-0.0698,0.8490,35.6335,-49.5667,-46.5840,8011.7720,43.9606,-1.056,0.1319,2.3814,0.9007,0.9615,99.5475,6410,31.2403,0.5741
1d_n3,2,atr,2,0,1.5,3,1802,-0.1424,0.7461,34.9612,-72.7996,-71.8664,8019.8194,26.2785,-2.351,0.1685,1.7962,0.9180,2.3862,98.7791,2459,32.6625,0.3994
1d_n3,2,atr,2,0,1.5,4,1581,-0.1071,0.7668,35.2309,-59.4026,-57.5408,6217.7208,30.9778,-1.859,0.1264,2.4084,0.8054,0.5060,99.5572,2881,32.6625,0.3994
1d_n3,2,atr,2,0,2,3,1698,-0.1402,0.7602,32.2733,-72.0207,-69.3430,7865.7607,28.7479,-2.019,0.1689,1.7993,0.8650,2.4735,98.7044,2675,32.6625,0.3994
1d_n3,2,atr,2,0,2,4,1500,-0.1186,0.7566,33.2000,-61.1133,-59.2799,5869.4696,32.9586,-1.85,0.1262,2.4147,0.7641,0.5333,99.5333,3053,32.6625,0.3994
1d_n3,2,atr,2,0,3,3,1600,-0.1574,0.7492,29.9375,-74.0970,-71.3677,7360.9501,31.3403,-1.966,0.1687,1.8033,0.8151,2.3750,98.6875,2895,32.6625,0.3994
1d_n3,2,atr,2,0,3,4,1425,-0.1139,0.7680,32.1404,-59.2615,-56.1206,5653.2779,35.1102,-1.55,0.1267,2.4245,0.7259,0.5614,99.5088,3254,32.6625,0.3994
1d_n3,2,atr,2,0.1,1.5,3,1934,-0.1412,0.7537,35.2120,-75.5826,-74.1845,8455.0017,29.0237,-2.42,0.1678,1.8049,0.9852,2.3268,98.9142,3199,32.6625,0.3994
1d_n3,2,atr,2,0.1,1.5,4,1657,-0.0952,0.7923,35.7876,-57.1247,-55.1474,6708.9822,34.0717,-1.682,0.1256,2.4280,0.8441,0.3621,99.6379,3748,32.6625,0.3994
1d_n3,2,atr,2,0.1,2,3,1806,-0.1388,0.7662,32.2813,-73.5831,-71.3176,8208.1029,31.7486,-2.048,0.1679,1.8116,0.9200,2.3810,98.8372,3481,32.6625,0.3994
1d_n3,2,atr,2,0.1,2,4,1562,-0.1036,0.7876,33.6108,-59.0587,-56.0173,6337.7185,36.1073,-1.633,0.1252,2.4382,0.7957,0.3841,99.6159,3960,32.6625,0.3994
1d_n3,2,atr,2,0.1,3,3,1679,-0.1495,0.7709,30.1370,-75.0094,-71.3513,7971.4837,34.4762,-1.887,0.1676,1.8210,0.8553,2.3228,98.8088,3770,32.6625,0.3994
1d_n3,2,atr,2,0.1,3,4,1464,-0.0975,0.8044,32.7869,-55.9051,-51.7971,6147.5304,38.3142,-1.328,0.1261,2.4394,0.7458,0.4098,99.5902,4205,32.6625,0.3994
1d_n3,3,fractal,-,0,1.5,3,1772,-0.1507,0.7416,35.7223,-74.0372,-73.0599,8376.5366,26.7980,-2.485,0.1811,1.7033,0.9027,3.2167,98.5892,2442,31.2403,0.5741
1d_n3,3,fractal,-,0,1.5,4,1553,-0.1017,0.7767,36.7675,-55.9604,-54.8770,6626.7220,32.0882,-1.763,0.1362,2.2868,0.7911,1.0947,99.4205,2872,31.2403,0.5741
1d_n3,3,fractal,-,0,2,3,1667,-0.1438,0.7521,33.4733,-70.0217,-69.3442,7935.9176,29.4240,-2.065,0.1813,1.7133,0.8492,3.3593,98.5603,2657,31.2403,0.5741
1d_n3,3,fractal,-,0,2,4,1474,-0.1091,0.7683,34.8711,-57.9044,-55.6489,6185.3858,34.5311,-1.713,0.1360,2.3056,0.7509,1.1533,99.3894,3057,31.2403,0.5741
1d_n3,3,fractal,-,0,3,3,1566,-0.1452,0.7598,31.2261,-69.4407,-67.3844,7574.6099,32.3432,-1.773,0.1810,1.7268,0.7978,3.4483,98.5313,2883,31.2403,0.5741
1d_n3,3,fractal,-,0,3,4,1398,-0.0885,0.8195,33.7625,-50.1957,-46.6852,6542.4345,36.6470,-1.191,0.1367,2.3035,0.7122,1.2160,99.3562,3245,31.2403,0.5741
1d_n3,3,fractal,-,0.1,1.5,3,1884,-0.1422,0.7573,36.0934,-74.2306,-73.2136,8775.2313,30.1538,-2.408,0.1781,1.7226,0.9598,3.1316,98.7261,3228,31.2403,0.5741
1d_n3,3,fractal,-,0.1,1.5,4,1611,-0.0985,0.7851,36.8094,-56.3751,-55.1575,6758.9759,35.8656,-1.726,0.1334,2.3199,0.8207,1.1794,99.5655,3791,31.2403,0.5741
1d_n3,3,fractal,-,0.1,2,3,1742,-0.1394,0.7610,33.5821,-70.6058,-69.7893,8066.8572,32.9304,-2.03,0.1780,1.7387,0.8874,3.3295,98.7371,3510,31.2403,0.5741
1d_n3,3,fractal,-,0.1,2,4,1506,-0.1033,0.7843,35.0598,-57.1595,-54.4766,6363.7432,38.2466,-1.608,0.1333,2.3418,0.7672,1.2616,99.5352,4023,31.2403,0.5741
1d_n3,3,fractal,-,0.1,3,3,1612,-0.1372,0.7774,31.4516,-68.8207,-66.3148,7870.7945,35.9257,-1.67,0.1772,1.7572,0.8212,3.4119,98.6973,3804,31.2403,0.5741
1d_n3,3,fractal,-,0.1,3,4,1423,-0.0828,0.8338,33.5207,-49.1273,-45.1169,6693.8165,40.2625,-1.097,0.1338,2.3453,0.7249,1.2649,99.5081,4219,31.2403,0.5741
1d_n3,3,atr,2,0,1.5,3,1599,-0.1554,0.7333,34.8343,-71.8076,-70.7674,7449.7296,23.5339,-2.433,0.1716,1.7687,0.8146,2.6266,98.6241,1774,32.6625,0.3994
1d_n3,3,atr,2,0,1.5,4,1405,-0.1189,0.7502,34.7331,-58.2377,-57.1105,5692.9919,28.4541,-1.943,0.1297,2.3588,0.7157,0.4982,99.4306,2132,32.6625,0.3994
1d_n3,3,atr,2,0,2,3,1518,-0.1593,0.7375,31.6864,-70.8699,-69.9704,7133.4426,26.0347,-2.191,0.1724,1.7696,0.7733,2.7668,98.5507,1943,32.6625,0.3994
1d_n3,3,atr,2,0,2,4,1332,-0.1238,0.7517,32.7327,-58.7831,-56.5842,5429.9659,30.7574,-1.808,0.1293,2.3741,0.6786,0.5255,99.3994,2289,32.6625,0.3994
1d_n3,3,atr,2,0,3,3,1412,-0.1698,0.7315,29.2493,-72.1937,-69.6620,6572.4360,29.0950,-1.973,0.1715,1.7851,0.7193,2.6912,98.6544,2166,32.6625,0.3994
1d_n3,3,atr,2,0,3,4,1245,-0.1186,0.7707,31.4859,-56.4300,-52.8427,5305.1960,33.0688,-1.47,0.1298,2.3786,0.6342,0.5622,99.3574,2475,32.6625,0.3994
1d_n3,3,atr,2,0.1,1.5,3,1723,-0.1519,0.7376,34.9391,-74.0035,-72.8367,7731.8806,26.0469,-2.484,0.1694,1.7848,0.8777,2.4376,98.7232,2302,32.6625,0.3994
1d_n3,3,atr,2,0.1,1.5,4,1486,-0.1017,0.7815,35.3970,-55.2646,-53.7055,6098.6910,31.3792,-1.692,0.1278,2.3913,0.7570,0.2692,99.4616,2752,32.6625,0.3994
1d_n3,3,atr,2,0.1,2,3,1621,-0.1500,0.7484,31.7705,-71.6082,-70.3702,7377.8589,28.8374,-2.111,0.1701,1.7895,0.8258,2.5293,98.6428,2530,32.6625,0.3994
1d_n3,3,atr,2,0.1,2,4,1395,-0.1108,0.7755,32.8315,-57.2620,-54.4564,5711.7334,33.8114,-1.645,0.1273,2.4107,0.7106,0.2867,99.4265,2961,32.6625,0.3994
1d_n3,3,atr,2,0.1,3,3,1495,-0.1552,0.7530,29.2977,-71.6476,-68.6963,6929.4448,31.9860,-1.832,0.1691,1.8089,0.7616,2.4749,98.7291,2803,32.6625,0.3994
1d_n3,3,atr,2,0.1,3,4,1297,-0.0974,0.8133,31.5343,-52.0459,-47.7609,5824.3917,36.1887,-1.22,0.1282,2.4107,0.6607,0.3084,99.3832,3181,32.6625,0.3994
