n_5m,n_1h,atr_mult,buffer,r_target,min_stop_atr,trades,expectancy_r,profit_factor,win_rate_pct,max_drawdown_pct,net_return_pct,fees_paid,exposure_pct,sharpe_annualized,avg_cost_r,avg_stop_pct,trades_per_day,capped_share_pct,skipped_min_stop,ignored_in_position,pct_time_neutral_1h,h1_state_changes_per_week
2,3,1.5,0,1.5,0,2171,-0.6211,0.4075,29.9862,-98.1848,-98.1782,9751.1167,11.8871,-9.983,0.6225,0.5823,1.6238,57.8535,0,1360,38.0290,12.9948
2,3,1.5,0,1.5,0.5,2171,-0.6211,0.4075,29.9862,-98.1848,-98.1782,9751.1167,11.8871,-9.983,0.6225,0.5823,1.6238,57.8535,0,1360,38.0290,12.9948
2,3,1.5,0,2,0,2086,-0.6362,0.4376,25.6951,-98.0686,-98.0635,9729.4257,12.9779,-9.2,0.6288,0.5735,1.5602,58.4851,0,1513,38.0290,12.9948
2,3,1.5,0,2,0.5,2086,-0.6362,0.4376,25.6951,-98.0686,-98.0635,9729.4257,12.9779,-9.2,0.6288,0.5735,1.5602,58.4851,0,1513,38.0290,12.9948
2,3,1.5,0,3,0,1996,-0.6435,0.4507,22.0441,-97.7840,-97.7633,9540.2623,14.1212,-8.177,0.6392,0.5559,1.4929,59.9198,0,1669,38.0290,12.9948
2,3,1.5,0,3,0.5,1996,-0.6435,0.4507,22.0441,-97.7840,-97.7633,9540.2623,14.1212,-8.177,0.6392,0.5559,1.4929,59.9198,0,1669,38.0290,12.9948
2,3,1.5,0.1,1.5,0,2057,-0.6013,0.4293,30.8702,-97.5985,-97.5930,9831.0452,12.2606,-9.194,0.6002,0.5977,1.5385,56.1011,0,1274,38.0290,12.9948
2,3,1.5,0.1,1.5,0.5,2057,-0.6013,0.4293,30.8702,-97.5985,-97.5930,9831.0452,12.2606,-9.194,0.6002,0.5977,1.5385,56.1011,0,1274,38.0290,12.9948
2,3,1.5,0.1,2,0,1981,-0.6189,0.4537,25.9970,-97.5582,-97.5525,9652.0617,13.1898,-8.496,0.6077,0.5866,1.4817,56.7390,0,1400,38.0290,12.9948
2,3,1.5,0.1,2,0.5,1981,-0.6189,0.4537,25.9970,-97.5582,-97.5525,9652.0617,13.1898,-8.496,0.6077,0.5866,1.4817,56.7390,0,1400,38.0290,12.9948
2,3,1.5,0.1,3,0,1890,-0.6397,0.4448,21.7989,-97.4108,-97.3930,9064.5315,14.3936,-7.972,0.6174,0.5695,1.4136,57.9894,0,1556,38.0290,12.9948
2,3,1.5,0.1,3,0.5,1890,-0.6397,0.4448,21.7989,-97.4108,-97.3930,9064.5315,14.3936,-7.972,0.6174,0.5695,1.4136,57.9894,0,1556,38.0290,12.9948
2,3,2,0,1.5,0,1699,-0.5394,0.4309,29.0171,-95.8705,-95.7625,8846.4004,10.9576,-8.916,0.5042,0.7056,1.2708,46.4391,0,1211,37.5242,9.9948
2,3,2,0,1.5,0.5,1699,-0.5394,0.4309,29.0171,-95.8705,-95.7625,8846.4004,10.9576,-8.916,0.5042,0.7056,1.2708,46.4391,0,1211,37.5242,9.9948
2,3,2,0,2,0,1635,-0.5447,0.4569,25.0765,-95.4706,-95.3256,8841.5473,11.7321,-8.098,0.5104,0.6872,1.2229,47.4618,0,1310,37.5242,9.9948
2,3,2,0,2,0.5,1635,-0.5447,0.4569,25.0765,-95.4706,-95.3256,8841.5473,11.7321,-8.098,0.5104,0.6872,1.2229,47.4618,0,1310,37.5242,9.9948
2,3,2,0,3,0,1560,-0.5620,0.4580,21.9872,-94.9240,-94.8933,8573.5502,12.6112,-7.344,0.5208,0.6698,1.1668,48.6538,0,1415,37.5242,9.9948
2,3,2,0,3,0.5,1560,-0.5620,0.4580,21.9872,-94.9240,-94.8933,8573.5502,12.6112,-7.344,0.5208,0.6698,1.1668,48.6538,0,1415,37.5242,9.9948
2,3,2,0.1,1.5,0,1620,-0.5270,0.4343,29.5062,-95.2041,-95.0595,8591.3438,11.1020,-8.337,0.4864,0.7265,1.2117,45.0617,0,1122,37.5242,9.9948
2,3,2,0.1,1.5,0.5,1620,-0.5270,0.4343,29.5062,-95.2041,-95.0595,8591.3438,11.1020,-8.337,0.4864,0.7265,1.2117,45.0617,0,1122,37.5242,9.9948
2,3,2,0.1,2,0,1562,-0.5354,0.4546,25.2881,-94.9039,-94.7132,8451.7789,11.8583,-7.715,0.4934,0.7066,1.1683,46.1588,0,1213,37.5242,9.9948
2,3,2,0.1,2,0.5,1562,-0.5354,0.4546,25.2881,-94.9039,-94.7132,8451.7789,11.8583,-7.715,0.4934,0.7066,1.1683,46.1588,0,1213,37.5242,9.9948
2,3,2,0.1,3,0,1491,-0.5547,0.4618,21.9316,-94.3784,-94.3206,8292.2380,12.8410,-6.986,0.5035,0.6880,1.1152,47.4178,0,1313,37.5242,9.9948
2,3,2,0.1,3,0.5,1491,-0.5547,0.4618,21.9316,-94.3784,-94.3206,8292.2380,12.8410,-6.986,0.5035,0.6880,1.1152,47.4178,0,1313,37.5242,9.9948
2,3,3,0,1.5,0,1038,-0.3754,0.4741,29.9615,-76.7589,-76.3317,6958.6965,9.9899,-5.084,0.3757,1.0295,0.7764,24.7592,0,940,39.1791,5.7958
2,3,3,0,1.5,0.5,1038,-0.3754,0.4741,29.9615,-76.7589,-76.3317,6958.6965,9.9899,-5.084,0.3757,1.0295,0.7764,24.7592,0,940,39.1791,5.7958
2,3,3,0,2,0,991,-0.4040,0.4733,25.9334,-77.5266,-76.8607,6740.5042,10.6155,-4.848,0.3834,1.0030,0.7412,25.5298,0,1005,39.1791,5.7958
2,3,3,0,2,0.5,991,-0.4040,0.4733,25.9334,-77.5266,-76.8607,6740.5042,10.6155,-4.848,0.3834,1.0030,0.7412,25.5298,0,1005,39.1791,5.7958
2,3,3,0,3,0,949,-0.4244,0.4687,23.6038,-78.1289,-77.3207,6571.3601,11.1251,-4.541,0.3913,0.9641,0.7098,26.2381,0,1064,39.1791,5.7958
2,3,3,0,3,0.5,949,-0.4244,0.4687,23.6038,-78.1289,-77.3207,6571.3601,11.1251,-4.541,0.3913,0.9641,0.7098,26.2381,0,1064,39.1791,5.7958
2,3,3,0.1,1.5,0,996,-0.3796,0.4781,29.9197,-76.2461,-75.6297,6788.3797,10.1623,-5.091,0.3680,1.0474,0.7450,24.1968,0,868,39.1791,5.7958
2,3,3,0.1,1.5,0.5,996,-0.3796,0.4781,29.9197,-76.2461,-75.6297,6788.3797,10.1623,-5.091,0.3680,1.0474,0.7450,24.1968,0,868,39.1791,5.7958
2,3,3,0.1,2,0,953,-0.4020,0.4796,26.2329,-76.7279,-75.6251,6570.2303,10.8106,-4.714,0.3756,1.0230,0.7128,24.8688,0,923,39.1791,5.7958
2,3,3,0.1,2,0.5,953,-0.4020,0.4796,26.2329,-76.7279,-75.6251,6570.2303,10.8106,-4.714,0.3756,1.0230,0.7128,24.8688,0,923,39.1791,5.7958
2,3,3,0.1,3,0,911,-0.4293,0.4644,23.9297,-77.6730,-76.7022,6338.3375,11.2215,-4.568,0.3851,0.9764,0.6814,25.7958,0,980,39.1791,5.7958
2,3,3,0.1,3,0.5,911,-0.4293,0.4644,23.9297,-77.6730,-76.7022,6338.3375,11.2215,-4.568,0.3851,0.9764,0.6814,25.7958,0,980,39.1791,5.7958
2,5,1.5,0,1.5,0,2195,-0.6583,0.4019,29.0661,-98.6511,-98.6511,9491.0669,12.0196,-10.447,0.6238,0.5782,1.6417,58.3144,0,1388,37.8514,9.0785
2,5,1.5,0,1.5,0.5,2195,-0.6583,0.4019,29.0661,-98.6511,-98.6511,9491.0669,12.0196,-10.447,0.6238,0.5782,1.6417,58.3144,0,1388,37.8514,9.0785
2,5,1.5,0,2,0,2110,-0.6660,0.4239,24.8341,-98.5097,-98.5091,9250.5080,13.0288,-9.619,0.6283,0.5697,1.5782,58.7678,0,1521,37.8514,9.0785
2,5,1.5,0,2,0.5,2110,-0.6660,0.4239,24.8341,-98.5097,-98.5091,9250.5080,13.0288,-9.619,0.6283,0.5697,1.5782,58.7678,0,1521,37.8514,9.0785
2,5,1.5,0,3,0,2013,-0.6681,0.4589,21.4108,-98.1150,-98.0835,9429.9373,14.1817,-8.342,0.6397,0.5558,1.5056,59.9603,0,1685,37.8514,9.0785
2,5,1.5,0,3,0.5,2013,-0.6681,0.4589,21.4108,-98.1150,-98.0835,9429.9373,14.1817,-8.342,0.6397,0.5558,1.5056,59.9603,0,1685,37.8514,9.0785
2,5,1.5,0.1,1.5,0,2105,-0.6541,0.4042,29.0736,-98.4936,-98.4936,9206.7548,12.3250,-10.154,0.6066,0.5913,1.5744,56.8171,0,1286,37.8514,9.0785
2,5,1.5,0.1,1.5,0.5,2105,-0.6541,0.4042,29.0736,-98.4936,-98.4936,9206.7548,12.3250,-10.154,0.6066,0.5913,1.5744,56.8171,0,1286,37.8514,9.0785
2,5,1.5,0.1,2,0,2024,-0.6590,0.4310,24.8518,-98.2721,-98.2715,9046.9680,13.2114,-9.17,0.6128,0.5792,1.5138,57.2628,0,1402,37.8514,9.0785
2,5,1.5,0.1,2,0.5,2024,-0.6590,0.4310,24.8518,-98.2721,-98.2715,9046.9680,13.2114,-9.17,0.6128,0.5792,1.5138,57.2628,0,1402,37.8514,9.0785
2,5,1.5,0.1,3,0,1923,-0.6588,0.4575,21.3729,-97.7833,-97.7717,9093.8835,14.3476,-8.162,0.6238,0.5660,1.4383,58.3463,0,1560,37.8514,9.0785
2,5,1.5,0.1,3,0.5,1923,-0.6588,0.4575,21.3729,-97.7833,-97.7717,9093.8835,14.3476,-8.162,0.6238,0.5660,1.4383,58.3463,0,1560,37.8514,9.0785
2,5,2,0,1.5,0,1707,-0.5586,0.4087,28.8811,-95.9608,-95.9606,8398.8605,11.0916,-8.655,0.5135,0.7134,1.2767,46.5144,0,1256,38.4529,7.9843
2,5,2,0,1.5,0.5,1707,-0.5586,0.4087,28.8811,-95.9608,-95.9606,8398.8605,11.0916,-8.655,0.5135,0.7134,1.2767,46.5144,0,1256,38.4529,7.9843
2,5,2,0,2,0,1643,-0.5694,0.4286,25.0152,-95.7623,-95.6914,8257.1355,11.8269,-8.086,0.5212,0.6945,1.2289,47.5350,0,1352,38.4529,7.9843
2,5,2,0,2,0.5,1643,-0.5694,0.4286,25.0152,-95.7623,-95.6914,8257.1355,11.8269,-8.086,0.5212,0.6945,1.2289,47.5350,0,1352,38.4529,7.9843
2,5,2,0,3,0,1568,-0.5789,0.4501,22.2577,-95.0201,-95.0128,8363.5003,12.7701,-7.125,0.5322,0.6752,1.1728,48.7245,0,1474,38.4529,7.9843
2,5,2,0,3,0.5,1568,-0.5789,0.4501,22.2577,-95.0201,-95.0128,8363.5003,12.7701,-7.125,0.5322,0.6752,1.1728,48.7245,0,1474,38.4529,7.9843
2,5,2,0.1,1.5,0,1621,-0.5544,0.4153,29.0561,-95.5367,-95.5108,8229.3457,11.0810,-8.179,0.4976,0.7320,1.2124,45.4658,0,1143,38.4529,7.9843
2,5,2,0.1,1.5,0.5,1621,-0.5544,0.4153,29.0561,-95.5367,-95.5108,8229.3457,11.0810,-8.179,0.4976,0.7320,1.2124,45.4658,0,1143,38.4529,7.9843
2,5,2,0.1,2,0,1560,-0.5623,0.4362,25.0641,-95.3021,-95.1810,8093.4545,11.7923,-7.718,0.5053,0.7122,1.1668,46.4744,0,1228,38.4529,7.9843
2,5,2,0.1,2,0.5,1560,-0.5623,0.4362,25.0641,-95.3021,-95.1810,8093.4545,11.7923,-7.718,0.5053,0.7122,1.1668,46.4744,0,1228,38.4529,7.9843
2,5,2,0.1,3,0,1490,-0.5706,0.4672,22.2819,-94.3647,-94.3564,8356.2933,12.7657,-6.777,0.5162,0.6914,1.1144,47.6510,0,1346,38.4529,7.9843
2,5,2,0.1,3,0.5,1490,-0.5706,0.4672,22.2819,-94.3647,-94.3564,8356.2933,12.7657,-6.777,0.5162,0.6914,1.1144,47.6510,0,1346,38.4529,7.9843
2,5,3,0,1.5,0,1010,-0.3763,0.4841,29.7030,-75.7899,-75.3757,6985.9486,9.6406,-4.942,0.3778,1.0158,0.7554,25.4455,0,916,40.5847,5.1885
2,5,3,0,1.5,0.5,1010,-0.3763,0.4841,29.7030,-75.7899,-75.3757,6985.9486,9.6406,-4.942,0.3778,1.0158,0.7554,25.4455,0,916,40.5847,5.1885
2,5,3,0,2,0,964,-0.4102,0.4742,25.2075,-77.2354,-76.5613,6707.5453,10.3153,-4.898,0.3853,0.9957,0.7210,26.1411,0,981,40.5847,5.1885
2,5,3,0,2,0.5,964,-0.4102,0.4742,25.2075,-77.2354,-76.5613,6707.5453,10.3153,-4.898,0.3853,0.9957,0.7210,26.1411,0,981,40.5847,5.1885
2,5,3,0,3,0,923,-0.4259,0.4653,23.0769,-77.4725,-76.7086,6454.7778,10.8462,-4.537,0.3936,0.9568,0.6904,26.9772,0,1035,40.5847,5.1885
2,5,3,0,3,0.5,923,-0.4259,0.4653,23.0769,-77.4725,-76.7086,6454.7778,10.8462,-4.537,0.3936,0.9568,0.6904,26.9772,0,1035,40.5847,5.1885
2,5,3,0.1,1.5,0,967,-0.3779,0.4917,29.7828,-74.8771,-74.1676,6836.7033,9.7546,-4.913,0.3710,1.0366,0.7233,25.0259,0,844,40.5847,5.1885
2,5,3,0.1,1.5,0.5,967,-0.3779,0.4917,29.7828,-74.8771,-74.1676,6836.7033,9.7546,-4.913,0.3710,1.0366,0.7233,25.0259,0,844,40.5847,5.1885
2,5,3,0.1,2,0,923,-0.4062,0.4851,25.6771,-75.9636,-74.8064,6575.2986,10.4104,-4.697,0.3791,1.0148,0.6904,25.6771,0,903,40.5847,5.1885
2,5,3,0.1,2,0.5,923,-0.4062,0.4851,25.6771,-75.9636,-74.8064,6575.2986,10.4104,-4.697,0.3791,1.0148,0.6904,25.6771,0,903,40.5847,5.1885
2,5,3,0.1,3,0,881,-0.4335,0.4572,23.4960,-76.9657,-75.9579,6186.9032,10.8740,-4.562,0.3886,0.9705,0.6589,26.6742,0,955,40.5847,5.1885
2,5,3,0.1,3,0.5,881,-0.4335,0.4572,23.4960,-76.9657,-75.9579,6186.9032,10.8740,-4.562,0.3886,0.9705,0.6589,26.6742,0,955,40.5847,5.1885
2,8,1.5,0,1.5,0,2114,-0.6883,0.3785,28.3822,-98.6728,-98.6728,9332.5373,11.4103,-10.386,0.6381,0.5640,1.5812,60.4541,0,1363,39.4970,5.9686
2,8,1.5,0,1.5,0.5,2114,-0.6883,0.3785,28.3822,-98.6728,-98.6728,9332.5373,11.4103,-10.386,0.6381,0.5640,1.5812,60.4541,0,1363,39.4970,5.9686
2,8,1.5,0,2,0,2035,-0.7020,0.4027,24.3735,-98.5746,-98.5746,9181.2171,12.2616,-9.598,0.6438,0.5566,1.5221,60.9828,0,1480,39.4970,5.9686
2,8,1.5,0,2,0.5,2035,-0.7020,0.4027,24.3735,-98.5746,-98.5746,9181.2171,12.2616,-9.598,0.6438,0.5566,1.5221,60.9828,0,1480,39.4970,5.9686
2,8,1.5,0,3,0,1947,-0.7262,0.4022,20.8012,-98.4211,-98.4211,8710.3089,13.4397,-8.863,0.6510,0.5453,1.4562,61.8901,0,1622,39.4970,5.9686
2,8,1.5,0,3,0.5,1947,-0.7262,0.4022,20.8012,-98.4211,-98.4211,8710.3089,13.4397,-8.863,0.6510,0.5453,1.4562,61.8901,0,1622,39.4970,5.9686
2,8,1.5,0.1,1.5,0,2025,-0.6857,0.3849,28.1975,-98.5340,-98.5340,9111.9451,11.5643,-10.064,0.6205,0.5785,1.5146,58.8148,0,1236,39.4970,5.9686
2,8,1.5,0.1,1.5,0.5,2025,-0.6857,0.3849,28.1975,-98.5340,-98.5340,9111.9451,11.5643,-10.064,0.6205,0.5785,1.5146,58.8148,0,1236,39.4970,5.9686
2,8,1.5,0.1,2,0,1949,-0.6941,0.4058,24.2175,-98.3578,-98.3578,8915.5585,12.2416,-9.172,0.6267,0.5686,1.4577,59.2612,0,1334,39.4970,5.9686
2,8,1.5,0.1,2,0.5,1949,-0.6941,0.4058,24.2175,-98.3578,-98.3578,8915.5585,12.2416,-9.172,0.6267,0.5686,1.4577,59.2612,0,1334,39.4970,5.9686
2,8,1.5,0.1,3,0,1856,-0.7156,0.4016,20.7435,-98.1445,-98.1445,8431.1770,13.5189,-8.608,0.6336,0.5577,1.3882,60.1293,0,1483,39.4970,5.9686
2,8,1.5,0.1,3,0.5,1856,-0.7156,0.4016,20.7435,-98.1445,-98.1445,8431.1770,13.5189,-8.608,0.6336,0.5577,1.3882,60.1293,0,1483,39.4970,5.9686
2,8,2,0,1.5,0,1624,-0.6109,0.3459,26.9704,-96.3298,-96.2843,7533.4410,10.5994,-9.117,0.5308,0.6992,1.2147,48.2759,0,1241,40.2107,5.8639
2,8,2,0,1.5,0.5,1624,-0.6109,0.3459,26.9704,-96.3298,-96.2843,7533.4410,10.5994,-9.117,0.5308,0.6992,1.2147,48.2759,0,1241,40.2107,5.8639
2,8,2,0,2,0,1563,-0.6280,0.3641,23.4805,-96.2480,-96.1509,7430.3202,11.3487,-8.606,0.5357,0.6800,1.1690,48.8164,0,1338,40.2107,5.8639
2,8,2,0,2,0.5,1563,-0.6280,0.3641,23.4805,-96.2480,-96.1509,7430.3202,11.3487,-8.606,0.5357,0.6800,1.1690,48.8164,0,1338,40.2107,5.8639
2,8,2,0,3,0,1502,-0.6420,0.3711,20.9055,-95.8554,-95.7706,7366.0766,12.1440,-7.958,0.5446,0.6632,1.1234,49.6671,0,1430,40.2107,5.8639
2,8,2,0,3,0.5,1502,-0.6420,0.3711,20.9055,-95.8554,-95.7706,7366.0766,12.1440,-7.958,0.5446,0.6632,1.1234,49.6671,0,1430,40.2107,5.8639
2,8,2,0.1,1.5,0,1547,-0.6066,0.3516,26.7615,-95.9854,-95.9065,7362.5984,10.6392,-8.771,0.5137,0.7190,1.1571,46.6710,0,1126,40.2107,5.8639
2,8,2,0.1,1.5,0.5,1547,-0.6066,0.3516,26.7615,-95.9854,-95.9065,7362.5984,10.6392,-8.771,0.5137,0.7190,1.1571,46.6710,0,1126,40.2107,5.8639
2,8,2,0.1,2,0,1488,-0.6191,0.3715,23.3871,-95.7920,-95.6319,7289.6864,11.2152,-8.254,0.5203,0.6985,1.1129,47.5134,0,1208,40.2107,5.8639
2,8,2,0.1,2,0.5,1488,-0.6191,0.3715,23.3871,-95.7920,-95.6319,7289.6864,11.2152,-8.254,0.5203,0.6985,1.1129,47.5134,0,1208,40.2107,5.8639
2,8,2,0.1,3,0,1427,-0.6336,0.3830,20.7428,-95.2519,-95.1068,7287.7249,12.1466,-7.414,0.5302,0.6800,1.0673,48.4933,0,1306,40.2107,5.8639
2,8,2,0.1,3,0.5,1427,-0.6336,0.3830,20.7428,-95.2519,-95.1068,7287.7249,12.1466,-7.414,0.5302,0.6800,1.0673,48.4933,0,1306,40.2107,5.8639
2,8,3,0,1.5,0,982,-0.4590,0.3881,26.7821,-81.1978,-80.9942,6157.8933,9.2575,-6.144,0.3980,1.0044,0.7345,27.3931,0,863,41.7503,4.6649
2,8,3,0,1.5,0.5,982,-0.4590,0.3881,26.7821,-81.1978,-80.9942,6157.8933,9.2575,-6.144,0.3980,1.0044,0.7345,27.3931,0,863,41.7503,4.6649
2,8,3,0,2,0,943,-0.4848,0.3853,23.4358,-81.8451,-81.5102,6011.8728,9.8450,-5.96,0.4052,0.9824,0.7053,28.2078,0,921,41.7503,4.6649
2,8,3,0,2,0.5,943,-0.4848,0.3853,23.4358,-81.8451,-81.5102,6011.8728,9.8450,-5.96,0.4052,0.9824,0.7053,28.2078,0,921,41.7503,4.6649
2,8,3,0,3,0,912,-0.4892,0.3975,21.4912,-81.3571,-80.7440,5992.6610,10.3730,-5.466,0.4131,0.9481,0.6821,28.9474,0,965,41.7503,4.6649
2,8,3,0,3,0.5,912,-0.4892,0.3975,21.4912,-81.3571,-80.7440,5992.6610,10.3730,-5.466,0.4131,0.9481,0.6821,28.9474,0,965,41.7503,4.6649
2,8,3,0.1,1.5,0,931,-0.4549,0.4023,26.8528,-79.2860,-78.9627,6070.3804,9.2427,-5.864,0.3920,1.0213,0.6963,27.0677,0,792,41.7503,4.6649
2,8,3,0.1,1.5,0.5,931,-0.4549,0.4023,26.8528,-79.2860,-78.9627,6070.3804,9.2427,-5.864,0.3920,1.0213,0.6963,27.0677,0,792,41.7503,4.6649
2,8,3,0.1,2,0,897,-0.4858,0.3936,23.2999,-80.4732,-80.0169,5889.1181,9.8281,-5.768,0.4002,1.0003,0.6709,27.9822,0,839,41.7503,4.6649
2,8,3,0.1,2,0.5,897,-0.4858,0.3936,23.2999,-80.4732,-80.0169,5889.1181,9.8281,-5.768,0.4002,1.0003,0.6709,27.9822,0,839,41.7503,4.6649
2,8,3,0.1,3,0,866,-0.4960,0.3936,21.5935,-80.3913,-79.6735,5788.7653,10.2945,-5.368,0.4091,0.9616,0.6477,28.8684,0,881,41.7503,4.6649
2,8,3,0.1,3,0.5,866,-0.4960,0.3936,21.5935,-80.3913,-79.6735,5788.7653,10.2945,-5.368,0.4091,0.9616,0.6477,28.8684,0,881,41.7503,4.6649
3,3,1.5,0,1.5,0,1765,-0.5711,0.4192,30.5382,-95.9208,-95.8755,9035.1250,11.8443,-8.861,0.5659,0.6463,1.3201,50.5382,0,1027,38.0290,12.9948
3,3,1.5,0,1.5,0.5,1765,-0.5711,0.4192,30.5382,-95.9208,-95.8755,9035.1250,11.8443,-8.861,0.5659,0.6463,1.3201,50.5382,0,1027,38.0290,12.9948
3,3,1.5,0,2,0,1710,-0.5842,0.4435,26.1404,-95.8091,-95.7394,8981.1788,12.7330,-8.103,0.5717,0.6356,1.2790,51.6374,0,1120,38.0290,12.9948
3,3,1.5,0,2,0.5,1710,-0.5842,0.4435,26.1404,-95.8091,-95.7394,8981.1788,12.7330,-8.103,0.5717,0.6356,1.2790,51.6374,0,1120,38.0290,12.9948
3,3,1.5,0,3,0,1625,-0.6058,0.4612,22.5231,-95.3534,-95.3065,8982.3951,14.0536,-7.204,0.5839,0.6205,1.2154,52.8615,0,1275,38.0290,12.9948
3,3,1.5,0,3,0.5,1625,-0.6058,0.4612,22.5231,-95.3534,-95.3065,8982.3951,14.0536,-7.204,0.5839,0.6205,1.2154,52.8615,0,1275,38.0290,12.9948
3,3,1.5,0.1,1.5,0,1694,-0.5611,0.4209,30.8737,-95.2868,-95.2363,8684.2339,12.1211,-8.478,0.5499,0.6600,1.2670,49.2326,0,961,38.0290,12.9948
3,3,1.5,0.1,1.5,0.5,1694,-0.5611,0.4209,30.8737,-95.2868,-95.2363,8684.2339,12.1211,-8.478,0.5499,0.6600,1.2670,49.2326,0,961,38.0290,12.9948
3,3,1.5,0.1,2,0,1638,-0.5713,0.4549,26.2515,-95.0574,-94.9767,8838.3489,13.2267,-7.737,0.5557,0.6496,1.2251,50.2442,0,1070,38.0290,12.9948
3,3,1.5,0.1,2,0.5,1638,-0.5713,0.4549,26.2515,-95.0574,-94.9767,8838.3489,13.2267,-7.737,0.5557,0.6496,1.2251,50.2442,0,1070,38.0290,12.9948
3,3,1.5,0.1,3,0,1552,-0.5916,0.4556,22.3582,-94.5245,-94.4744,8474.8437,14.4975,-6.762,0.5684,0.6327,1.1608,51.4175,0,1215,38.0290,12.9948
3,3,1.5,0.1,3,0.5,1552,-0.5916,0.4556,22.3582,-94.5245,-94.4744,8474.8437,14.4975,-6.762,0.5684,0.6327,1.1608,51.4175,0,1215,38.0290,12.9948
3,3,2,0,1.5,0,1474,-0.5212,0.4278,29.8507,-93.5657,-93.3773,8199.0349,11.5012,-8.086,0.4857,0.7276,1.1025,43.3514,0,980,37.5242,9.9948
3,3,2,0,1.5,0.5,1474,-0.5212,0.4278,29.8507,-93.5657,-93.3773,8199.0349,11.5012,-8.086,0.4857,0.7276,1.1025,43.3514,0,980,37.5242,9.9948
3,3,2,0,2,0,1419,-0.5381,0.4383,25.2290,-93.5096,-93.1941,7899.7737,12.6782,-7.499,0.4897,0.7187,1.0613,44.0451,0,1095,37.5242,9.9948
3,3,2,0,2,0.5,1419,-0.5381,0.4383,25.2290,-93.5096,-93.1941,7899.7737,12.6782,-7.499,0.4897,0.7187,1.0613,44.0451,0,1095,37.5242,9.9948
3,3,2,0,3,0,1353,-0.5401,0.4587,21.5078,-92.1046,-91.8820,7881.0777,13.5462,-6.248,0.4986,0.7033,1.0120,45.3067,0,1180,37.5242,9.9948
3,3,2,0,3,0.5,1353,-0.5401,0.4587,21.5078,-92.1046,-91.8820,7881.0777,13.5462,-6.248,0.4986,0.7033,1.0120,45.3067,0,1180,37.5242,9.9948
3,3,2,0.1,1.5,0,1408,-0.5088,0.4433,30.0426,-92.4552,-92.1630,8150.7332,11.7165,-7.593,0.4734,0.7461,1.0531,42.1875,0,928,37.5242,9.9948
3,3,2,0.1,1.5,0.5,1408,-0.5088,0.4433,30.0426,-92.4552,-92.1630,8150.7332,11.7165,-7.593,0.4734,0.7461,1.0531,42.1875,0,928,37.5242,9.9948
3,3,2,0.1,2,0,1357,-0.5212,0.4549,25.3500,-92.2679,-91.8503,7843.9438,12.7909,-6.944,0.4780,0.7355,1.0150,42.9624,0,1027,37.5242,9.9948
3,3,2,0.1,2,0.5,1357,-0.5212,0.4549,25.3500,-92.2679,-91.8503,7843.9438,12.7909,-6.944,0.4780,0.7355,1.0150,42.9624,0,1027,37.5242,9.9948
3,3,2,0.1,3,0,1296,-0.5326,0.4584,21.1420,-91.4310,-91.1478,7539.3483,13.8415,-6.081,0.4864,0.7222,0.9693,44.0586,0,1117,37.5242,9.9948
3,3,2,0.1,3,0.5,1296,-0.5326,0.4584,21.1420,-91.4310,-91.1478,7539.3483,13.8415,-6.081,0.4864,0.7222,0.9693,44.0586,0,1117,37.5242,9.9948
3,3,3,0,1.5,0,977,-0.4036,0.4628,29.9898,-78.6716,-77.9935,6531.2394,10.1486,-5.327,0.3724,1.0190,0.7307,24.6673,0,784,39.1791,5.7958
3,3,3,0,1.5,0.5,977,-0.4036,0.4628,29.9898,-78.6716,-77.9935,6531.2394,10.1486,-5.327,0.3724,1.0190,0.7307,24.6673,0,784,39.1791,5.7958
3,3,3,0,2,0,941,-0.4320,0.4502,26.2487,-79.6569,-78.7468,6126.4447,11.0703,-5.078,0.3789,0.9945,0.7038,25.2922,0,834,39.1791,5.7958
3,3,3,0,2,0.5,941,-0.4320,0.4502,26.2487,-79.6569,-78.7468,6126.4447,11.0703,-5.078,0.3789,0.9945,0.7038,25.2922,0,834,39.1791,5.7958
3,3,3,0,3,0,902,-0.4438,0.4556,24.5011,-79.7683,-78.4764,6031.1594,11.5456,-4.592,0.3873,0.9564,0.6746,26.1641,0,884,39.1791,5.7958
3,3,3,0,3,0.5,902,-0.4438,0.4556,24.5011,-79.7683,-78.4764,6031.1594,11.5456,-4.592,0.3873,0.9564,0.6746,26.1641,0,884,39.1791,5.7958
3,3,3,0.1,1.5,0,941,-0.3984,0.4696,30.2869,-77.6548,-76.5581,6356.8887,10.2704,-5.137,0.3624,1.0379,0.7038,23.8045,0,721,39.1791,5.7958
3,3,3,0.1,1.5,0.5,941,-0.3984,0.4696,30.2869,-77.6548,-76.5581,6356.8887,10.2704,-5.137,0.3624,1.0379,0.7038,23.8045,0,721,39.1791,5.7958
3,3,3,0.1,2,0,906,-0.4172,0.4694,26.8212,-78.1071,-76.4774,6077.5263,11.0298,-4.788,0.3691,1.0148,0.6776,24.5033,0,764,39.1791,5.7958
3,3,3,0.1,2,0.5,906,-0.4172,0.4694,26.8212,-78.1071,-76.4774,6077.5263,11.0298,-4.788,0.3691,1.0148,0.6776,24.5033,0,764,39.1791,5.7958
3,3,3,0.1,3,0,867,-0.4409,0.4597,24.9135,-78.4869,-77.2487,5906.5207,11.4944,-4.524,0.3789,0.9718,0.6485,25.4902,0,811,39.1791,5.7958
3,3,3,0.1,3,0.5,867,-0.4409,0.4597,24.9135,-78.4869,-77.2487,5906.5207,11.4944,-4.524,0.3789,0.9718,0.6485,25.4902,0,811,39.1791,5.7958
3,5,1.5,0,1.5,0,1766,-0.6076,0.4167,29.5583,-96.5004,-96.4908,9045.1048,11.7975,-9.169,0.5754,0.6446,1.3209,51.5855,0,1049,37.8514,9.0785
3,5,1.5,0,1.5,0.5,1766,-0.6076,0.4167,29.5583,-96.5004,-96.4908,9045.1048,11.7975,-9.169,0.5754,0.6446,1.3209,51.5855,0,1049,37.8514,9.0785
3,5,1.5,0,2,0,1704,-0.6133,0.4439,25.3521,-96.0476,-95.9747,8933.2013,12.6501,-8.022,0.5813,0.6333,1.2745,52.5235,0,1131,37.8514,9.0785
3,5,1.5,0,2,0.5,1704,-0.6133,0.4439,25.3521,-96.0476,-95.9747,8933.2013,12.6501,-8.022,0.5813,0.6333,1.2745,52.5235,0,1131,37.8514,9.0785
3,5,1.5,0,3,0,1617,-0.6477,0.4402,21.5213,-95.9044,-95.8557,8506.2984,13.9796,-7.421,0.5947,0.6155,1.2094,53.8033,0,1285,37.8514,9.0785
3,5,1.5,0,3,0.5,1617,-0.6477,0.4402,21.5213,-95.9044,-95.8557,8506.2984,13.9796,-7.421,0.5947,0.6155,1.2094,53.8033,0,1285,37.8514,9.0785
3,5,1.5,0.1,1.5,0,1709,-0.6103,0.4052,29.6665,-96.2743,-96.2640,8515.7004,11.9146,-9.034,0.5661,0.6546,1.2782,50.9655,0,965,37.8514,9.0785
3,5,1.5,0.1,1.5,0.5,1709,-0.6103,0.4052,29.6665,-96.2743,-96.2640,8515.7004,11.9146,-9.034,0.5661,0.6546,1.2782,50.9655,0,965,37.8514,9.0785
3,5,1.5,0.1,2,0,1645,-0.6072,0.4459,25.6535,-95.5805,-95.5006,8681.1536,13.0109,-7.847,0.5722,0.6403,1.2304,51.8541,0,1061,37.8514,9.0785
3,5,1.5,0.1,2,0.5,1645,-0.6072,0.4459,25.6535,-95.5805,-95.5006,8681.1536,13.0109,-7.847,0.5722,0.6403,1.2304,51.8541,0,1061,37.8514,9.0785
3,5,1.5,0.1,3,0,1563,-0.6489,0.4280,21.3692,-95.7297,-95.6832,8024.0128,14.2996,-7.423,0.5856,0.6226,1.1690,53.0390,0,1211,37.8514,9.0785
3,5,1.5,0.1,3,0.5,1563,-0.6489,0.4280,21.3692,-95.7297,-95.6832,8024.0128,14.2996,-7.423,0.5856,0.6226,1.1690,53.0390,0,1211,37.8514,9.0785
3,5,2,0,1.5,0,1463,-0.5507,0.4094,29.3233,-93.8401,-93.7197,7976.0727,11.5516,-8.065,0.5002,0.7308,1.0942,44.0875,0,1014,38.4529,7.9843
3,5,2,0,1.5,0.5,1463,-0.5507,0.4094,29.3233,-93.8401,-93.7197,7976.0727,11.5516,-8.065,0.5002,0.7308,1.0942,44.0875,0,1014,38.4529,7.9843
3,5,2,0,2,0,1412,-0.5596,0.4318,25.4958,-93.5200,-93.2588,7810.0802,12.5587,-7.291,0.5060,0.7217,1.0561,44.7592,0,1105,38.4529,7.9843
3,5,2,0,2,0.5,1412,-0.5596,0.4318,25.4958,-93.5200,-93.2588,7810.0802,12.5587,-7.291,0.5060,0.7217,1.0561,44.7592,0,1105,38.4529,7.9843
3,5,2,0,3,0,1359,-0.5783,0.4442,21.5600,-93.0664,-93.0200,7676.2978,13.6394,-6.499,0.5120,0.7106,1.0165,45.2539,0,1201,38.4529,7.9843
3,5,2,0,3,0.5,1359,-0.5783,0.4442,21.5600,-93.0664,-93.0200,7676.2978,13.6394,-6.499,0.5120,0.7106,1.0165,45.2539,0,1201,38.4529,7.9843
3,5,2,0.1,1.5,0,1395,-0.5428,0.4252,29.6057,-92.9532,-92.7496,7964.5043,11.7344,-7.591,0.4897,0.7458,1.0434,43.2258,0,957,38.4529,7.9843
3,5,2,0.1,1.5,0.5,1395,-0.5428,0.4252,29.6057,-92.9532,-92.7496,7964.5043,11.7344,-7.591,0.4897,0.7458,1.0434,43.2258,0,957,38.4529,7.9843
3,5,2,0.1,2,0,1347,-0.5386,0.4573,25.9094,-92.2388,-91.7503,7919.2059,12.6475,-6.68,0.4957,0.7345,1.0075,43.8753,0,1034,38.4529,7.9843
3,5,2,0.1,2,0.5,1347,-0.5386,0.4573,25.9094,-92.2388,-91.7503,7919.2059,12.6475,-6.68,0.4957,0.7345,1.0075,43.8753,0,1034,38.4529,7.9843
3,5,2,0.1,3,0,1295,-0.5607,0.4616,21.8533,-91.8839,-91.7910,7658.3555,13.8160,-6.114,0.5029,0.7213,0.9686,44.4015,0,1132,38.4529,7.9843
3,5,2,0.1,3,0.5,1295,-0.5607,0.4616,21.8533,-91.8839,-91.7910,7658.3555,13.8160,-6.114,0.5029,0.7213,0.9686,44.4015,0,1132,38.4529,7.9843
3,5,3,0,1.5,0,944,-0.4011,0.4673,29.6610,-77.4068,-76.6613,6470.6916,10.0021,-5.248,0.3708,1.0037,0.7061,24.3644,0,765,40.5847,5.1885
3,5,3,0,1.5,0.5,944,-0.4011,0.4673,29.6610,-77.4068,-76.6613,6470.6916,10.0021,-5.248,0.3708,1.0037,0.7061,24.3644,0,765,40.5847,5.1885
3,5,3,0,2,0,907,-0.4163,0.4673,26.4609,-77.3884,-76.2965,6179.0899,10.8976,-4.839,0.3770,0.9839,0.6784,24.9173,0,815,40.5847,5.1885
3,5,3,0,2,0.5,907,-0.4163,0.4673,26.4609,-77.3884,-76.2965,6179.0899,10.8976,-4.839,0.3770,0.9839,0.6784,24.9173,0,815,40.5847,5.1885
3,5,3,0,3,0,866,-0.4381,0.4503,24.5958,-78.0791,-76.9406,5893.7422,11.3804,-4.543,0.3854,0.9491,0.6477,25.8661,0,862,40.5847,5.1885
3,5,3,0,3,0.5,866,-0.4381,0.4503,24.5958,-78.0791,-76.9406,5893.7422,11.3804,-4.543,0.3854,0.9491,0.6477,25.8661,0,862,40.5847,5.1885
3,5,3,0.1,1.5,0,911,-0.3998,0.4718,29.8573,-76.6961,-75.5850,6296.0105,10.0460,-5.104,0.3634,1.0235,0.6814,23.8200,0,695,40.5847,5.1885
3,5,3,0.1,1.5,0.5,911,-0.3998,0.4718,29.8573,-76.6961,-75.5850,6296.0105,10.0460,-5.104,0.3634,1.0235,0.6814,23.8200,0,695,40.5847,5.1885
3,5,3,0.1,2,0,874,-0.4078,0.4851,27.0023,-76.1882,-74.3884,6139.4331,10.7662,-4.614,0.3704,1.0000,0.6537,24.4851,0,742,40.5847,5.1885
3,5,3,0.1,2,0.5,874,-0.4078,0.4851,27.0023,-76.1882,-74.3884,6139.4331,10.7662,-4.614,0.3704,1.0000,0.6537,24.4851,0,742,40.5847,5.1885
3,5,3,0.1,3,0,835,-0.4392,0.4516,25.0299,-77.2872,-76.0072,5759.4753,11.2474,-4.481,0.3798,0.9631,0.6245,25.5090,0,782,40.5847,5.1885
3,5,3,0.1,3,0.5,835,-0.4392,0.4516,25.0299,-77.2872,-76.0072,5759.4753,11.2474,-4.481,0.3798,0.9631,0.6245,25.5090,0,782,40.5847,5.1885
3,8,1.5,0,1.5,0,1729,-0.6539,0.3758,27.7617,-97.1217,-97.1217,8599.7424,11.5845,-9.745,0.5850,0.6226,1.2932,53.4991,0,1050,39.4970,5.9686
3,8,1.5,0,1.5,0.5,1729,-0.6539,0.3758,27.7617,-97.1217,-97.1217,8599.7424,11.5845,-9.745,0.5850,0.6226,1.2932,53.4991,0,1050,39.4970,5.9686
3,8,1.5,0,2,0,1660,-0.6653,0.4012,24.2771,-96.7434,-96.7434,8502.3580,12.3746,-8.744,0.5920,0.6162,1.2416,54.1566,0,1144,39.4970,5.9686
3,8,1.5,0,2,0.5,1660,-0.6653,0.4012,24.2771,-96.7434,-96.7434,8502.3580,12.3746,-8.744,0.5920,0.6162,1.2416,54.1566,0,1144,39.4970,5.9686
3,8,1.5,0,3,0,1587,-0.6906,0.4249,20.1008,-96.4589,-96.4589,8429.2975,13.6623,-7.902,0.6017,0.6044,1.1870,55.1985,0,1271,39.4970,5.9686
3,8,1.5,0,3,0.5,1587,-0.6906,0.4249,20.1008,-96.4589,-96.4589,8429.2975,13.6623,-7.902,0.6017,0.6044,1.1870,55.1985,0,1271,39.4970,5.9686
3,8,1.5,0.1,1.5,0,1660,-0.6558,0.3711,27.8313,-96.9282,-96.9282,8238.0969,11.5671,-9.532,0.5709,0.6380,1.2416,52.2892,0,976,39.4970,5.9686
3,8,1.5,0.1,1.5,0.5,1660,-0.6558,0.3711,27.8313,-96.9282,-96.9282,8238.0969,11.5671,-9.532,0.5709,0.6380,1.2416,52.2892,0,976,39.4970,5.9686
3,8,1.5,0.1,2,0,1593,-0.6610,0.4008,24.4193,-96.4114,-96.4114,8226.6927,12.3175,-8.454,0.5781,0.6278,1.1915,52.9818,0,1061,39.4970,5.9686
3,8,1.5,0.1,2,0.5,1593,-0.6610,0.4008,24.4193,-96.4114,-96.4114,8226.6927,12.3175,-8.454,0.5781,0.6278,1.1915,52.9818,0,1061,39.4970,5.9686
3,8,1.5,0.1,3,0,1523,-0.6845,0.4195,20.3546,-96.1323,-96.1323,8050.9027,13.6313,-7.716,0.5883,0.6142,1.1391,54.0381,0,1185,39.4970,5.9686
3,8,1.5,0.1,3,0.5,1523,-0.6845,0.4195,20.3546,-96.1323,-96.1323,8050.9027,13.6313,-7.716,0.5883,0.6142,1.1391,54.0381,0,1185,39.4970,5.9686
3,8,2,0,1.5,0,1421,-0.5882,0.3642,27.5862,-94.4024,-94.2903,7487.3477,10.5906,-8.536,0.5156,0.7114,1.0628,45.3906,0,922,40.2107,5.8639
3,8,2,0,1.5,0.5,1421,-0.5882,0.3642,27.5862,-94.4024,-94.2903,7487.3477,10.5906,-8.536,0.5156,0.7114,1.0628,45.3906,0,922,40.2107,5.8639
3,8,2,0,2,0,1374,-0.5968,0.3940,24.6725,-94.1230,-93.9331,7528.2805,11.4165,-7.962,0.5195,0.7030,1.0277,45.6332,0,990,40.2107,5.8639
3,8,2,0,2,0.5,1374,-0.5968,0.3940,24.6725,-94.1230,-93.9331,7528.2805,11.4165,-7.962,0.5195,0.7030,1.0277,45.6332,0,990,40.2107,5.8639
3,8,2,0,3,0,1311,-0.6073,0.4069,21.1289,-93.3204,-93.2077,7387.6126,12.2728,-6.911,0.5268,0.6901,0.9806,46.3768,0,1089,40.2107,5.8639
3,8,2,0,3,0.5,1311,-0.6073,0.4069,21.1289,-93.3204,-93.2077,7387.6126,12.2728,-6.911,0.5268,0.6901,0.9806,46.3768,0,1089,40.2107,5.8639
3,8,2,0.1,1.5,0,1358,-0.5897,0.3709,27.7614,-93.8709,-93.7183,7403.8366,10.6519,-8.187,0.5052,0.7269,1.0157,44.1090,0,864,40.2107,5.8639
3,8,2,0.1,1.5,0.5,1358,-0.5897,0.3709,27.7614,-93.8709,-93.7183,7403.8366,10.6519,-8.187,0.5052,0.7269,1.0157,44.1090,0,864,40.2107,5.8639
3,8,2,0.1,2,0,1311,-0.5939,0.3963,24.5614,-93.4222,-93.1764,7357.1995,11.3801,-7.522,0.5103,0.7154,0.9806,44.6987,0,931,40.2107,5.8639
3,8,2,0.1,2,0.5,1311,-0.5939,0.3963,24.5614,-93.4222,-93.1764,7357.1995,11.3801,-7.522,0.5103,0.7154,0.9806,44.6987,0,931,40.2107,5.8639
3,8,2,0.1,3,0,1254,-0.5944,0.4155,21.2121,-92.3798,-92.2191,7270.1150,12.3104,-6.534,0.5176,0.7030,0.9379,45.2951,0,1024,40.2107,5.8639
3,8,2,0.1,3,0.5,1254,-0.5944,0.4155,21.2121,-92.3798,-92.2191,7270.1150,12.3104,-6.534,0.5176,0.7030,0.9379,45.2951,0,1024,40.2107,5.8639
3,8,3,0,1.5,0,920,-0.4750,0.3831,26.9565,-81.6417,-81.1635,5823.8041,9.6193,-6.148,0.3945,0.9845,0.6881,26.3043,0,720,41.7503,4.6649
3,8,3,0,1.5,0.5,920,-0.4750,0.3831,26.9565,-81.6417,-81.1635,5823.8041,9.6193,-6.148,0.3945,0.9845,0.6881,26.3043,0,720,41.7503,4.6649
3,8,3,0,2,0,886,-0.4928,0.3861,24.1535,-81.4711,-80.7944,5632.0865,10.3626,-5.696,0.4008,0.9669,0.6627,26.9752,0,762,41.7503,4.6649
3,8,3,0,2,0.5,886,-0.4928,0.3861,24.1535,-81.4711,-80.7944,5632.0865,10.3626,-5.696,0.4008,0.9669,0.6627,26.9752,0,762,41.7503,4.6649
3,8,3,0,3,0,851,-0.5202,0.3757,22.0917,-82.4131,-81.5226,5436.3785,10.8947,-5.461,0.4079,0.9322,0.6365,27.7321,0,805,41.7503,4.6649
3,8,3,0,3,0.5,851,-0.5202,0.3757,22.0917,-82.4131,-81.5226,5436.3785,10.8947,-5.461,0.4079,0.9322,0.6365,27.7321,0,805,41.7503,4.6649
3,8,3,0.1,1.5,0,877,-0.4705,0.3890,27.3660,-80.1814,-79.5232,5630.8946,9.5362,-5.918,0.3842,1.0023,0.6559,25.6556,0,658,41.7503,4.6649
3,8,3,0.1,1.5,0.5,877,-0.4705,0.3890,27.3660,-80.1814,-79.5232,5630.8946,9.5362,-5.918,0.3842,1.0023,0.6559,25.6556,0,658,41.7503,4.6649
3,8,3,0.1,2,0,846,-0.4891,0.3929,24.3499,-80.3450,-79.4043,5478.0070,10.1486,-5.566,0.3911,0.9843,0.6328,26.3593,0,695,41.7503,4.6649
3,8,3,0.1,2,0.5,846,-0.4891,0.3929,24.3499,-80.3450,-79.4043,5478.0070,10.1486,-5.566,0.3911,0.9843,0.6328,26.3593,0,695,41.7503,4.6649
3,8,3,0.1,3,0,814,-0.5119,0.3855,22.4816,-80.8933,-79.9268,5333.5240,10.6690,-5.25,0.3990,0.9488,0.6088,27.2727,0,733,41.7503,4.6649
3,8,3,0.1,3,0.5,814,-0.5119,0.3855,22.4816,-80.8933,-79.9268,5333.5240,10.6690,-5.25,0.3990,0.9488,0.6088,27.2727,0,733,41.7503,4.6649
