context,n_5m,detector,atr_mult,buffer,r_target,min_stop_atr,trades,expectancy_r,profit_factor,win_rate_pct,max_drawdown_pct,net_return_pct,fees_paid,exposure_pct,sharpe_annualized,avg_cost_r,avg_stop_pct,trades_per_day,capped_share_pct,skipped_min_stop,ignored_in_position,pct_time_neutral_context,context_state_changes_per_week
1h_n8,2,fractal,-,0,1.5,0,10032,-2.3854,0.2635,19.2484,-100.0000,-100.0000,7322.0777,5.0530,-20.46,2.3547,0.2230,5.1105,91.2580,0,1394,38.3090,6.5792
1h_n8,2,fractal,-,0,1.5,0.3,8076,-1.6461,0.2808,23.2169,-100.0000,-100.0000,7291.0400,5.0133,-17.989,1.6358,0.2600,4.1141,89.2769,1961,1390,38.3090,6.5792
1h_n8,2,fractal,-,0,1.5,0.5,5822,-1.3052,0.3012,27.9973,-99.9996,-99.9996,7507.2940,4.7702,-14.694,1.3088,0.3091,2.9659,85.5033,4218,1376,38.3090,6.5792
1h_n8,2,fractal,-,0,2,0,9879,-2.3445,0.3220,20.1437,-100.0000,-100.0000,7686.7572,6.5391,-18.868,2.3491,0.2237,5.0326,91.2238,0,1935,38.3090,6.5792
1h_n8,2,fractal,-,0,2,0.3,7962,-1.6219,0.3366,23.9136,-100.0000,-100.0000,7580.0274,6.4764,-16.503,1.6359,0.2608,4.0560,89.2238,1922,1929,38.3090,6.5792
1h_n8,2,fractal,-,0,2,0.5,5745,-1.2829,0.3631,27.1715,-99.9995,-99.9995,7941.4971,6.1134,-13.422,1.3101,0.3099,2.9266,85.4308,4146,1892,38.3090,6.5792
1h_n8,2,fractal,-,0,3,0,9603,-2.2980,0.3600,19.0357,-100.0000,-100.0000,7635.3015,9.0182,-17.274,2.3341,0.2257,4.8920,91.0549,0,2796,38.3090,6.5792
1h_n8,2,fractal,-,0,3,0.3,7753,-1.5992,0.3686,21.5658,-100.0000,-100.0000,7400.4415,8.9043,-15.047,1.6282,0.2628,3.9496,89.0365,1856,2785,38.3090,6.5792
1h_n8,2,fractal,-,0,3,0.5,5606,-1.2627,0.3937,23.0646,-99.9994,-99.9994,7685.6097,8.3257,-12.132,1.3023,0.3122,2.8558,85.2123,4015,2689,38.3090,6.5792
1h_n8,2,fractal,-,0.1,1.5,0,12069,-2.9264,0.2503,17.6071,-100.0000,-100.0000,7338.9893,5.3630,-22.324,2.8906,0.2042,6.1482,92.3026,0,1804,38.3090,6.5792
1h_n8,2,fractal,-,0.1,1.5,0.3,8854,-1.6739,0.2795,23.0517,-100.0000,-100.0000,7248.5354,5.3068,-18.597,1.6641,0.2548,4.5104,89.6996,3222,1796,38.3090,6.5792
1h_n8,2,fractal,-,0.1,1.5,0.5,6191,-1.3099,0.2938,28.0892,-99.9998,-99.9998,7333.1939,5.0248,-15.021,1.3117,0.3069,3.1538,85.8020,5888,1780,38.3090,6.5792
1h_n8,2,fractal,-,0.1,2,0,11866,-2.8802,0.3067,18.6921,-100.0000,-100.0000,7660.8944,6.9600,-20.687,2.8836,0.2049,6.0448,92.2636,0,2506,38.3090,6.5792
1h_n8,2,fractal,-,0.1,2,0.3,8713,-1.6460,0.3394,23.9986,-100.0000,-100.0000,7574.6388,6.8696,-17.017,1.6630,0.2558,4.4386,89.6362,3160,2495,38.3090,6.5792
1h_n8,2,fractal,-,0.1,2,0.5,6102,-1.2851,0.3568,27.4009,-99.9998,-99.9998,7736.3706,6.4507,-13.673,1.3126,0.3079,3.1085,85.7260,5778,2447,38.3090,6.5792
1h_n8,2,fractal,-,0.1,3,0,11489,-2.8218,0.3591,17.7996,-100.0000,-100.0000,7850.8091,9.7184,-18.894,2.8643,0.2070,5.8528,92.1055,0,3698,38.3090,6.5792
1h_n8,2,fractal,-,0.1,3,0.3,8453,-1.6233,0.3833,21.6018,-100.0000,-100.0000,7576.4516,9.5534,-15.399,1.6549,0.2581,4.3062,89.4475,3045,3675,38.3090,6.5792
1h_n8,2,fractal,-,0.1,3,0.5,5933,-1.2627,0.3931,23.2429,-99.9996,-99.9996,7582.8544,8.8757,-12.198,1.3047,0.3104,3.0224,85.5048,5584,3527,38.3090,6.5792
1h_n8,2,atr,1.5,0,1.5,0,9022,-2.3281,0.2774,19.6076,-100.0000,-100.0000,7508.1041,4.9175,-19.354,2.2889,0.2293,4.5960,90.7005,0,1062,38.4604,6.5008
1h_n8,2,atr,1.5,0,1.5,0.3,7336,-1.6182,0.3002,23.4460,-100.0000,-100.0000,7588.7504,4.8850,-17.168,1.5928,0.2656,3.7371,88.6996,1688,1060,38.4604,6.5008
1h_n8,2,atr,1.5,0,1.5,0.5,5398,-1.2843,0.3224,27.7695,-99.9993,-99.9993,7786.4364,4.6881,-14.204,1.2689,0.3125,2.7499,85.0130,3629,1057,38.4604,6.5008
1h_n8,2,atr,1.5,0,2,0,8921,-2.2938,0.3287,20.1771,-100.0000,-100.0000,7705.7424,6.2981,-17.922,2.2841,0.2299,4.5446,90.6625,0,1462,38.4604,6.5008
1h_n8,2,atr,1.5,0,2,0.3,7258,-1.5963,0.3511,23.7807,-100.0000,-100.0000,7754.4484,6.2413,-15.79,1.5894,0.2663,3.6974,88.6608,1665,1458,38.4604,6.5008
1h_n8,2,atr,1.5,0,2,0.5,5342,-1.2726,0.3819,26.7690,-99.9992,-99.9992,8109.3849,5.9432,-13.036,1.2690,0.3133,2.7213,84.9682,3585,1450,38.4604,6.5008
1h_n8,2,atr,1.5,0,3,0,8704,-2.2495,0.3834,18.8764,-100.0000,-100.0000,7912.6092,8.6284,-16.304,2.2711,0.2314,4.4340,90.5216,0,2182,38.4604,6.5008
1h_n8,2,atr,1.5,0,3,0.3,7089,-1.5761,0.4020,21.2442,-100.0000,-100.0000,7853.7704,8.5276,-14.352,1.5849,0.2679,3.6113,88.5033,1617,2174,38.4604,6.5008
1h_n8,2,atr,1.5,0,3,0.5,5222,-1.2541,0.4210,22.5010,-99.9990,-99.9990,7962.1809,8.0258,-11.803,1.2638,0.3150,2.6602,84.7759,3489,2139,38.4604,6.5008
1h_n8,2,atr,1.5,0.1,1.5,0,10833,-2.8542,0.2683,18.0375,-100.0000,-100.0000,7552.8919,5.2198,-21.157,2.8113,0.2106,5.5186,91.7567,0,1383,38.4604,6.5008
1h_n8,2,atr,1.5,0.1,1.5,0.3,8053,-1.6466,0.3051,23.3205,-100.0000,-100.0000,7647.1845,5.1755,-17.765,1.6243,0.2604,4.1024,89.1221,2783,1380,38.4604,6.5008
1h_n8,2,atr,1.5,0.1,1.5,0.5,5742,-1.2858,0.3212,27.9693,-99.9997,-99.9997,7701.8407,4.9443,-14.465,1.2726,0.3106,2.9251,85.2839,5097,1376,38.4604,6.5008
1h_n8,2,atr,1.5,0.1,2,0,10701,-2.8126,0.3185,18.7272,-100.0000,-100.0000,7756.1314,6.7048,-19.631,2.8038,0.2113,5.4513,91.7111,0,1898,38.4604,6.5008
1h_n8,2,atr,1.5,0.1,2,0.3,7957,-1.6181,0.3618,23.8532,-100.0000,-100.0000,7911.6822,6.6262,-16.264,1.6179,0.2613,4.0535,89.0662,2746,1892,38.4604,6.5008
1h_n8,2,atr,1.5,0.1,2,0.5,5679,-1.2713,0.3822,27.0470,-99.9996,-99.9996,8034.7438,6.2793,-13.213,1.2719,0.3115,2.8930,85.2263,5028,1881,38.4604,6.5008
1h_n8,2,atr,1.5,0.1,3,0,10411,-2.7566,0.3917,17.7793,-100.0000,-100.0000,8308.0563,9.2977,-17.776,2.7900,0.2128,5.3036,91.5858,0,2888,38.4604,6.5008
1h_n8,2,atr,1.5,0.1,3,0.3,7750,-1.5941,0.4295,21.4065,-100.0000,-100.0000,8295.3276,9.1559,-14.643,1.6126,0.2630,3.9480,88.9161,2663,2875,38.4604,6.5008
1h_n8,2,atr,1.5,0.1,3,0.5,5540,-1.2474,0.4291,22.8520,-99.9994,-99.9994,8000.4143,8.5698,-11.792,1.2666,0.3134,2.8222,85.0361,4880,2823,38.4604,6.5008
1h_n8,2,atr,2,0,1.5,0,7737,-2.2293,0.2641,20.5506,-100.0000,-100.0000,7549.7074,4.7988,-17.791,2.1903,0.2395,3.9414,89.8798,0,775,39.1961,6.2725
1h_n8,2,atr,2,0,1.5,0.3,6411,-1.5704,0.2940,24.2240,-99.9999,-99.9999,7734.2032,4.7768,-15.807,1.5460,0.2744,3.2659,87.8802,1328,774,39.1961,6.2725
1h_n8,2,atr,2,0,1.5,0.5,4866,-1.2565,0.3269,28.2984,-99.9977,-99.9976,8085.3672,4.6299,-13.272,1.2376,0.3185,2.4789,84.3609,2875,774,39.1961,6.2725
1h_n8,2,atr,2,0,2,0,7642,-2.1939,0.3238,20.8846,-100.0000,-100.0000,7914.1976,6.1741,-16.446,2.1858,0.2402,3.8930,89.8456,0,1106,39.1961,6.2725
1h_n8,2,atr,2,0,2,0.3,6335,-1.5464,0.3553,24.3567,-99.9999,-99.9999,8104.5942,6.1343,-14.54,1.5433,0.2751,3.2272,87.8453,1309,1105,39.1961,6.2725
1h_n8,2,atr,2,0,2,0.5,4806,-1.2423,0.3902,27.1119,-99.9974,-99.9973,8465.6955,5.9108,-12.243,1.2353,0.3196,2.4483,84.2905,2840,1105,39.1961,6.2725
1h_n8,2,atr,2,0,3,0,7463,-2.1587,0.3797,19.3756,-100.0000,-100.0000,8181.6729,8.5253,-14.833,2.1812,0.2415,3.8018,89.7092,0,1698,39.1961,6.2725
1h_n8,2,atr,2,0,3,0.3,6189,-1.5299,0.4143,21.5705,-99.9999,-99.9999,8396.8637,8.4550,-13.084,1.5400,0.2766,3.1528,87.6878,1276,1697,39.1961,6.2725
1h_n8,2,atr,2,0,3,0.5,4696,-1.2322,0.4346,22.5085,-99.9968,-99.9967,8420.6508,8.0602,-11.061,1.2318,0.3214,2.3923,84.0928,2771,1695,39.1961,6.2725
1h_n8,2,atr,2,0.1,1.5,0,9183,-2.7228,0.2598,18.9481,-100.0000,-100.0000,7654.3106,5.0451,-19.319,2.6794,0.2208,4.6780,90.9724,0,989,39.1961,6.2725
1h_n8,2,atr,2,0.1,1.5,0.3,6993,-1.6007,0.3008,24.0526,-100.0000,-100.0000,7823.3214,5.0135,-16.319,1.5788,0.2690,3.5624,88.3026,2193,987,39.1961,6.2725
1h_n8,2,atr,2,0.1,1.5,0.5,5151,-1.2580,0.3259,28.4217,-99.9987,-99.9987,8014.4384,4.8417,-13.481,1.2402,0.3165,2.6240,84.6243,4037,987,39.1961,6.2725
1h_n8,2,atr,2,0.1,2,0,9056,-2.6853,0.3189,19.4015,-100.0000,-100.0000,8006.5869,6.5300,-17.923,2.6752,0.2215,4.6133,90.9342,0,1415,39.1961,6.2725
1h_n8,2,atr,2,0.1,2,0.3,6897,-1.5728,0.3674,24.3004,-100.0000,-100.0000,8267.2472,6.4729,-14.962,1.5731,0.2699,3.5135,88.2558,2161,1412,39.1961,6.2725
1h_n8,2,atr,2,0.1,2,0.5,5081,-1.2440,0.3905,27.2781,-99.9985,-99.9985,8378.5023,6.2108,-12.418,1.2376,0.3178,2.5884,84.5503,3979,1411,39.1961,6.2725
1h_n8,2,atr,2,0.1,3,0,8814,-2.6377,0.3909,18.2664,-100.0000,-100.0000,8575.6899,9.1144,-16.005,2.6678,0.2229,4.4901,90.7987,0,2214,39.1961,6.2725
1h_n8,2,atr,2,0.1,3,0.3,6716,-1.5517,0.4413,21.6349,-99.9999,-99.9999,8822.6710,9.0101,-13.291,1.5695,0.2715,3.4213,88.0881,2100,2209,39.1961,6.2725
1h_n8,2,atr,2,0.1,3,0.5,4951,-1.2267,0.4424,22.7227,-99.9979,-99.9979,8444.2125,8.5462,-11.034,1.2342,0.3196,2.5222,84.3466,3868,2204,39.1961,6.2725
1h_n8,2,atr,3,0,1.5,0,5365,-2.0786,0.3333,22.7586,-99.9991,-99.9991,9408.3659,4.1559,-14.392,2.0579,0.2629,2.7331,88.0149,0,378,40.5700,4.5680
1h_n8,2,atr,3,0,1.5,0.3,4553,-1.4836,0.3580,26.2684,-99.9945,-99.9944,9585.5678,4.1366,-12.947,1.4778,0.2968,2.3194,85.9653,813,376,40.5700,4.5680
1h_n8,2,atr,3,0,1.5,0.5,3625,-1.2081,0.3966,29.8759,-99.9551,-99.9549,10120.6029,4.0582,-11.218,1.2023,0.3369,1.8467,82.7862,1744,376,40.5700,4.5680
1h_n8,2,atr,3,0,2,0,5310,-2.0498,0.4035,22.6177,-99.9988,-99.9988,10011.0616,5.4755,-13.1,2.0586,0.2633,2.7050,88.0038,0,583,40.5700,4.5680
1h_n8,2,atr,3,0,2,0.3,4506,-1.4602,0.4329,25.7878,-99.9928,-99.9928,10262.3235,5.4459,-11.66,1.4755,0.2972,2.2955,85.9521,805,581,40.5700,4.5680
1h_n8,2,atr,3,0,2,0.5,3587,-1.1954,0.4713,28.0457,-99.9492,-99.9488,10759.2723,5.3212,-10.09,1.1986,0.3376,1.8273,82.7432,1727,581,40.5700,4.5680
1h_n8,2,atr,3,0,3,0,5210,-2.0116,0.4781,20.5374,-99.9982,-99.9982,10816.1662,7.7588,-11.433,2.0584,0.2642,2.6541,87.9463,0,941,40.5700,4.5680
1h_n8,2,atr,3,0,3,0.3,4422,-1.4400,0.5098,22.6142,-99.9902,-99.9901,11141.8205,7.6999,-10.154,1.4750,0.2982,2.2527,85.8887,789,939,40.5700,4.5680
1h_n8,2,atr,3,0,3,0.5,3518,-1.1793,0.5437,23.3655,-99.9373,-99.9367,11520.8263,7.4637,-8.747,1.1971,0.3390,1.7922,82.6606,1696,939,40.5700,4.5680
1h_n8,2,atr,3,0.1,1.5,0,6308,-2.4961,0.3214,21.1319,-99.9999,-99.9999,9303.4818,4.3477,-15.668,2.4683,0.2439,3.2134,89.2359,0,459,40.5700,4.5680
1h_n8,2,atr,3,0.1,1.5,0.3,4997,-1.5160,0.3609,25.9556,-99.9979,-99.9979,9622.2519,4.3232,-13.551,1.5080,0.2897,2.5456,86.5519,1313,457,40.5700,4.5680
1h_n8,2,atr,3,0.1,1.5,0.5,3851,-1.2022,0.3954,30.0701,-99.9726,-99.9724,10021.1294,4.2273,-11.52,1.1957,0.3342,1.9618,83.0953,2462,457,40.5700,4.5680
1h_n8,2,atr,3,0.1,2,0,6240,-2.4676,0.3893,21.1218,-99.9999,-99.9998,9842.8125,5.7896,-14.398,2.4683,0.2443,3.1788,89.2147,0,712,40.5700,4.5680
1h_n8,2,atr,3,0.1,2,0.3,4944,-1.4963,0.4389,25.5461,-99.9972,-99.9972,10353.4204,5.7493,-12.283,1.5051,0.2903,2.5186,86.5291,1298,710,40.5700,4.5680
1h_n8,2,atr,3,0.1,2,0.5,3808,-1.1902,0.4727,28.2563,-99.9683,-99.9681,10722.2212,5.5942,-10.365,1.1916,0.3351,1.9399,83.0357,2437,710,40.5700,4.5680
1h_n8,2,atr,3,0.1,3,0,6110,-2.4293,0.4664,19.1980,-99.9997,-99.9997,10688.5941,8.3165,-12.515,2.4713,0.2452,3.1126,89.1489,0,1199,40.5700,4.5680
1h_n8,2,atr,3,0.1,3,0.3,4843,-1.4783,0.5172,22.3209,-99.9961,-99.9961,11250.4513,8.2411,-10.644,1.5056,0.2913,2.4671,86.4547,1269,1197,40.5700,4.5680
1h_n8,2,atr,3,0.1,3,0.5,3726,-1.1747,0.5414,23.3763,-99.9604,-99.9600,11321.7076,7.9486,-8.939,1.1898,0.3366,1.8981,82.9308,2389,1197,40.5700,4.5680
1h_n8,3,fractal,-,0,1.5,0,7158,-2.3289,0.2613,19.1115,-100.0000,-100.0000,7656.5806,4.1419,-18.442,2.2713,0.2353,3.6465,90.2487,0,742,38.3090,6.5792
1h_n8,3,fractal,-,0,1.5,0.3,5879,-1.6402,0.2853,22.7250,-99.9998,-99.9998,7727.2422,4.1235,-16.272,1.5962,0.2716,2.9949,88.1953,1281,741,38.3090,6.5792
1h_n8,3,fractal,-,0,1.5,0.5,4384,-1.3076,0.3126,26.8932,-99.9946,-99.9946,8023.3606,3.9717,-13.411,1.2718,0.3193,2.2333,84.4434,2780,736,38.3090,6.5792
1h_n8,3,fractal,-,0,2,0,7074,-2.2927,0.3324,20.0170,-100.0000,-100.0000,8258.0612,5.2830,-17.082,2.2668,0.2360,3.6037,90.2036,0,1014,38.3090,6.5792
1h_n8,3,fractal,-,0,2,0.3,5817,-1.6155,0.3577,23.5001,-99.9998,-99.9998,8338.6069,5.2484,-14.955,1.5957,0.2723,2.9633,88.1554,1259,1013,38.3090,6.5792
1h_n8,3,fractal,-,0,2,0.5,4336,-1.2834,0.3868,26.3838,-99.9929,-99.9929,8711.8774,5.0239,-12.209,1.2707,0.3203,2.2089,84.3635,2744,1005,38.3090,6.5792
1h_n8,3,fractal,-,0,3,0,6939,-2.2528,0.3921,18.4609,-100.0000,-100.0000,8538.9584,7.2809,-15.366,2.2542,0.2373,3.5349,90.1283,0,1492,38.3090,6.5792
1h_n8,3,fractal,-,0,3,0.3,5710,-1.5941,0.4157,20.7180,-99.9997,-99.9997,8527.1079,7.2167,-13.432,1.5876,0.2737,2.9088,88.0736,1232,1490,38.3090,6.5792
1h_n8,3,fractal,-,0,3,0.5,4254,-1.2589,0.4390,22.1204,-99.9911,-99.9911,8764.1725,6.8459,-10.947,1.2587,0.3222,2.1671,84.2501,2693,1462,38.3090,6.5792
1h_n8,3,fractal,-,0.1,1.5,0,8563,-2.8619,0.2499,17.5523,-100.0000,-100.0000,7674.6884,4.3889,-20.279,2.8025,0.2156,4.3622,91.3815,0,958,38.3090,6.5792
1h_n8,3,fractal,-,0.1,1.5,0.3,6438,-1.6710,0.2899,22.5536,-100.0000,-100.0000,7810.4288,4.3605,-16.976,1.6297,0.2657,3.2797,88.6611,2127,955,38.3090,6.5792
1h_n8,3,fractal,-,0.1,1.5,0.5,4648,-1.3197,0.3080,27.0009,-99.9971,-99.9971,7867.5686,4.1852,-13.813,1.2812,0.3173,2.3678,84.7031,3921,950,38.3090,6.5792
1h_n8,3,fractal,-,0.1,2,0,8457,-2.8248,0.3185,18.4936,-100.0000,-100.0000,8201.6230,5.6189,-18.776,2.8005,0.2163,4.3082,91.3444,0,1326,38.3090,6.5792
1h_n8,3,fractal,-,0.1,2,0.3,6366,-1.6452,0.3623,23.4527,-99.9999,-99.9999,8361.9393,5.5676,-15.518,1.6290,0.2664,3.2430,88.6271,2093,1323,38.3090,6.5792
1h_n8,3,fractal,-,0.1,2,0.5,4595,-1.2962,0.3767,26.4200,-99.9961,-99.9961,8363.1751,5.3080,-12.557,1.2800,0.3183,2.3408,84.6355,3868,1312,38.3090,6.5792
1h_n8,3,fractal,-,0.1,3,0,8268,-2.7661,0.3836,17.4528,-100.0000,-100.0000,8590.0445,7.8086,-16.874,2.7772,0.2178,4.2119,91.2554,0,1990,38.3090,6.5792
1h_n8,3,fractal,-,0.1,3,0.3,6235,-1.6205,0.4253,20.8982,-99.9999,-99.9999,8620.4887,7.7080,-13.865,1.6204,0.2679,3.1763,88.5325,2036,1982,38.3090,6.5792
1h_n8,3,fractal,-,0.1,3,0.5,4497,-1.2701,0.4276,22.2370,-99.9947,-99.9947,8381.6698,7.2749,-11.197,1.2688,0.3203,2.2909,84.5008,3780,1939,38.3090,6.5792
1h_n8,3,atr,1.5,0,1.5,0,6832,-2.3069,0.2641,19.3355,-100.0000,-100.0000,7673.6279,4.0349,-18.027,2.2428,0.2358,3.4804,90.1932,0,649,38.4604,6.5008
1h_n8,3,atr,1.5,0,1.5,0.3,5637,-1.6265,0.2937,22.9377,-99.9997,-99.9997,7899.0878,4.0173,-15.998,1.5770,0.2710,2.8716,88.2029,1196,648,38.4604,6.5008
1h_n8,3,atr,1.5,0,1.5,0.5,4230,-1.2978,0.3222,26.9976,-99.9933,-99.9933,8198.8220,3.8797,-13.241,1.2541,0.3167,2.1549,84.5863,2606,646,38.4604,6.5008
1h_n8,3,atr,1.5,0,2,0,6750,-2.2782,0.3205,20.0000,-100.0000,-100.0000,7962.6327,5.2234,-16.628,2.2384,0.2365,3.4386,90.1481,0,920,38.4604,6.5008
1h_n8,3,atr,1.5,0,2,0.3,5573,-1.6056,0.3523,23.4344,-99.9997,-99.9997,8199.8730,5.1909,-14.657,1.5724,0.2718,2.8390,88.1572,1178,919,38.4604,6.5008
1h_n8,3,atr,1.5,0,2,0.5,4180,-1.2838,0.3900,26.2440,-99.9919,-99.9919,8686.8981,4.9837,-12.047,1.2524,0.3176,2.1294,84.5215,2574,915,38.4604,6.5008
1h_n8,3,atr,1.5,0,3,0,6609,-2.2440,0.3950,18.2781,-100.0000,-100.0000,8533.1756,7.2297,-14.976,2.2279,0.2375,3.3668,90.0893,0,1394,38.4604,6.5008
1h_n8,3,atr,1.5,0,3,0.3,5459,-1.5870,0.4279,20.5166,-99.9996,-99.9996,8745.6673,7.1681,-13.185,1.5660,0.2729,2.7809,88.0931,1151,1392,38.4604,6.5008
1h_n8,3,atr,1.5,0,3,0.5,4093,-1.2644,0.4482,21.7200,-99.9902,-99.9901,8853.0730,6.8187,-10.863,1.2427,0.3192,2.0851,84.4124,2521,1376,38.4604,6.5008
1h_n8,3,atr,1.5,0.1,1.5,0,8156,-2.8262,0.2575,17.8274,-100.0000,-100.0000,7773.2663,4.2617,-19.718,2.7636,0.2167,4.1549,91.2948,0,828,38.4604,6.5008
1h_n8,3,atr,1.5,0.1,1.5,0.3,6173,-1.6554,0.3019,22.7928,-99.9999,-99.9999,8024.7952,4.2352,-16.621,1.6112,0.2655,3.1447,88.6279,1985,826,38.4604,6.5008
1h_n8,3,atr,1.5,0.1,1.5,0.5,4484,-1.3049,0.3218,27.1632,-99.9962,-99.9962,8095.7249,4.0763,-13.53,1.2610,0.3153,2.2843,84.7904,3677,824,38.4604,6.5008
1h_n8,3,atr,1.5,0.1,2,0,8057,-2.7953,0.3138,18.5677,-100.0000,-100.0000,8049.8405,5.5424,-18.192,2.7616,0.2173,4.1044,91.2623,0,1182,38.4604,6.5008
1h_n8,3,atr,1.5,0.1,2,0.3,6099,-1.6324,0.3620,23.4465,-99.9999,-99.9999,8309.5988,5.4945,-15.138,1.6067,0.2663,3.1070,88.5883,1959,1180,38.4604,6.5008
1h_n8,3,atr,1.5,0.1,2,0.5,4429,-1.2915,0.3855,26.3942,-99.9953,-99.9953,8435.7759,5.2548,-12.285,1.2591,0.3162,2.2562,84.7370,3632,1176,38.4604,6.5008
1h_n8,3,atr,1.5,0.1,3,0,7865,-2.7441,0.3935,17.4189,-100.0000,-100.0000,8737.9221,7.7377,-16.397,2.7424,0.2186,4.0066,91.1888,0,1830,38.4604,6.5008
1h_n8,3,atr,1.5,0.1,3,0.3,5962,-1.6100,0.4406,20.7816,-99.9998,-99.9998,8897.7519,7.6410,-13.574,1.5998,0.2675,3.0372,88.5106,1904,1824,38.4604,6.5008
1h_n8,3,atr,1.5,0.1,3,0.5,4326,-1.2685,0.4401,21.9834,-99.9938,-99.9938,8516.5479,7.2334,-11.045,1.2501,0.3180,2.2038,84.6047,3545,1805,38.4604,6.5008
1h_n8,3,atr,2,0,1.5,0,6108,-2.2125,0.2764,20.5305,-99.9999,-99.9999,8126.5771,4.0677,-16.897,2.1641,0.2451,3.1116,89.4728,0,536,39.1961,6.2725
1h_n8,3,atr,2,0,1.5,0.3,5098,-1.5793,0.3057,24.0879,-99.9990,-99.9990,8318.0206,4.0537,-14.995,1.5416,0.2798,2.5970,87.4461,1011,535,39.1961,6.2725
1h_n8,3,atr,2,0,1.5,0.5,3927,-1.2724,0.3404,27.9348,-99.9844,-99.9844,8707.6588,3.9476,-12.691,1.2320,0.3231,2.0005,83.9827,2185,535,39.1961,6.2725
1h_n8,3,atr,2,0,2,0,6033,-2.1792,0.3309,20.7691,-99.9999,-99.9999,8468.6590,5.3100,-15.586,2.1600,0.2460,3.0734,89.4083,0,777,39.1961,6.2725
1h_n8,3,atr,2,0,2,0.3,5038,-1.5534,0.3616,24.0770,-99.9987,-99.9987,8655.0610,5.2828,-13.774,1.5365,0.2807,2.5665,87.3759,996,776,39.1961,6.2725
1h_n8,3,atr,2,0,2,0.5,3877,-1.2579,0.3945,26.6185,-99.9826,-99.9825,8956.6405,5.1214,-11.614,1.2291,0.3244,1.9750,83.8535,2160,776,39.1961,6.2725
1h_n8,3,atr,2,0,3,0,5921,-2.1412,0.3980,19.0846,-99.9998,-99.9998,8903.8892,7.3068,-14.048,2.1505,0.2470,3.0163,89.3261,0,1171,39.1961,6.2725
1h_n8,3,atr,2,0,3,0.3,4950,-1.5325,0.4299,21.1111,-99.9983,-99.9983,9078.7662,7.2540,-12.396,1.5306,0.2816,2.5217,87.2929,972,1170,39.1961,6.2725
1h_n8,3,atr,2,0,3,0.5,3804,-1.2397,0.4464,22.0032,-99.9795,-99.9795,8994.0209,6.9669,-10.402,1.2211,0.3258,1.9379,83.7277,2121,1167,39.1961,6.2725
1h_n8,3,atr,2,0.1,1.5,0,7230,-2.7332,0.2647,18.8797,-100.0000,-100.0000,8096.7685,4.2658,-18.463,2.6812,0.2260,3.6831,90.5947,0,675,39.1961,6.2725
1h_n8,3,atr,2,0.1,1.5,0.3,5552,-1.6074,0.3090,23.8473,-99.9996,-99.9996,8354.4274,4.2445,-15.597,1.5737,0.2744,2.8283,87.8602,1680,673,39.1961,6.2725
1h_n8,3,atr,2,0.1,1.5,0.5,4153,-1.2774,0.3336,27.9075,-99.9910,-99.9910,8491.0277,4.1194,-13.026,1.2360,0.3215,2.1156,84.2042,3082,673,39.1961,6.2725
1h_n8,3,atr,2,0.1,2,0,7137,-2.7009,0.3217,19.2658,-100.0000,-100.0000,8478.0712,5.6180,-17.029,2.6812,0.2267,3.6358,90.5563,0,991,39.1961,6.2725
1h_n8,3,atr,2,0.1,2,0.3,5480,-1.5808,0.3688,24.0328,-99.9995,-99.9995,8729.3539,5.5790,-14.229,1.5680,0.2754,2.7916,87.8102,1658,989,39.1961,6.2725
1h_n8,3,atr,2,0.1,2,0.5,4097,-1.2645,0.3861,26.6781,-99.9899,-99.9899,8664.0776,5.3873,-11.92,1.2328,0.3228,2.0871,84.1103,3044,989,39.1961,6.2725
1h_n8,3,atr,2,0.1,3,0,6982,-2.6549,0.3988,18.0034,-100.0000,-100.0000,9100.3036,7.7801,-15.218,2.6703,0.2278,3.5568,90.4755,0,1526,39.1961,6.2725
1h_n8,3,atr,2,0.1,3,0.3,5367,-1.5566,0.4468,21.2037,-99.9992,-99.9992,9315.9101,7.6988,-12.651,1.5625,0.2765,2.7341,87.7213,1616,1522,39.1961,6.2725
1h_n8,3,atr,2,0.1,3,0.5,4003,-1.2410,0.4406,22.1084,-99.9867,-99.9866,8705.4145,7.3613,-10.542,1.2249,0.3245,2.0392,83.9620,2983,1519,39.1961,6.2725
1h_n8,3,atr,3,0,1.5,0,4421,-2.0669,0.3347,22.3931,-99.9943,-99.9942,9544.6181,3.6765,-13.776,2.0290,0.2695,2.2522,87.4915,0,301,40.5700,4.5680
1h_n8,3,atr,3,0,1.5,0.3,3771,-1.5172,0.3518,25.6165,-99.9755,-99.9752,9531.4105,3.6598,-12.327,1.4890,0.3029,1.9210,85.4150,650,300,40.5700,4.5680
1h_n8,3,atr,3,0,1.5,0.5,3032,-1.2405,0.3906,29.0567,-99.8660,-99.8645,9975.3999,3.5968,-10.615,1.2079,0.3426,1.5446,82.2559,1392,300,40.5700,4.5680
1h_n8,3,atr,3,0,2,0,4377,-2.0481,0.4034,22.1156,-99.9931,-99.9930,10137.6298,4.7968,-12.579,2.0310,0.2699,2.2298,87.4572,0,450,40.5700,4.5680
1h_n8,3,atr,3,0,2,0.3,3731,-1.4998,0.4254,24.9531,-99.9711,-99.9707,10194.1916,4.7707,-11.211,1.4872,0.3035,1.9007,85.3659,646,449,40.5700,4.5680
1h_n8,3,atr,3,0,2,0.5,2997,-1.2343,0.4659,26.8936,-99.8553,-99.8534,10649.7388,4.6726,-9.59,1.2038,0.3437,1.5267,82.1488,1383,449,40.5700,4.5680
1h_n8,3,atr,3,0,3,0,4306,-2.0221,0.4715,19.6006,-99.9921,-99.9920,10736.5617,6.6745,-11.28,2.0303,0.2698,2.1936,87.5058,0,699,40.5700,4.5680
1h_n8,3,atr,3,0,3,0.3,3674,-1.4978,0.4938,21.3391,-99.9699,-99.9694,10791.6709,6.6214,-10.05,1.4916,0.3032,1.8716,85.4382,632,698,40.5700,4.5680
1h_n8,3,atr,3,0,3,0.5,2947,-1.2295,0.5336,22.0903,-99.8508,-99.8487,11267.7013,6.4371,-8.524,1.2051,0.3437,1.5013,82.2192,1362,698,40.5700,4.5680
1h_n8,3,atr,3,0.1,1.5,0,5188,-2.5088,0.3167,20.8558,-99.9990,-99.9990,9357.1684,3.8514,-15.109,2.4618,0.2501,2.6429,88.7818,0,364,40.5700,4.5680
1h_n8,3,atr,3,0.1,1.5,0.3,4152,-1.5490,0.3531,25.3131,-99.9894,-99.9893,9587.5232,3.8309,-12.998,1.5204,0.2951,2.1151,86.0790,1036,363,40.5700,4.5680
1h_n8,3,atr,3,0.1,1.5,0.5,3228,-1.2287,0.3890,29.3061,-99.9132,-99.9123,9923.4250,3.7537,-10.955,1.1994,0.3396,1.6444,82.6208,1963,363,40.5700,4.5680
1h_n8,3,atr,3,0.1,2,0,5133,-2.4916,0.3813,20.6702,-99.9988,-99.9988,9778.6847,5.0827,-13.937,2.4626,0.2506,2.6149,88.7395,0,556,40.5700,4.5680
1h_n8,3,atr,3,0.1,2,0.3,4107,-1.5387,0.4233,24.7139,-99.9881,-99.9879,10075.6894,5.0500,-11.908,1.5178,0.2959,2.0922,86.0239,1026,555,40.5700,4.5680
1h_n8,3,atr,3,0.1,2,0.5,3189,-1.2280,0.4602,27.0618,-99.9093,-99.9081,10412.7506,4.9274,-9.952,1.1946,0.3408,1.6246,82.5024,1947,555,40.5700,4.5680
1h_n8,3,atr,3,0.1,3,0,5045,-2.4628,0.4476,18.4539,-99.9986,-99.9985,10298.2862,7.1331,-12.405,2.4632,0.2506,2.5700,88.7810,0,886,40.5700,4.5680
1h_n8,3,atr,3,0.1,3,0.3,4041,-1.5342,0.4913,21.1829,-99.9872,-99.9870,10624.5765,7.0689,-10.587,1.5224,0.2956,2.0586,86.0926,1004,885,40.5700,4.5680
1h_n8,3,atr,3,0.1,3,0.5,3131,-1.2213,0.5250,22.1974,-99.9039,-99.9025,10893.7938,6.8441,-8.759,1.1957,0.3410,1.5950,82.5615,1917,885,40.5700,4.5680
4h_n5,2,fractal,-,0,1.5,0,9826,-2.4096,0.2723,18.8988,-100.0000,-100.0000,7752.2087,5.1554,-18.732,2.3760,0.2195,5.0056,91.3800,0,1427,38.4030,2.4962
4h_n5,2,fractal,-,0,1.5,0.3,7944,-1.6723,0.2971,22.7971,-100.0000,-100.0000,7892.4046,5.1175,-16.872,1.6483,0.2558,4.0469,89.3882,1884,1425,38.4030,2.4962
4h_n5,2,fractal,-,0,1.5,0.5,5707,-1.3332,0.3300,27.2823,-99.9996,-99.9996,8346.9329,4.8522,-14.181,1.3099,0.3047,2.9073,85.6842,4124,1401,38.4030,2.4962
4h_n5,2,fractal,-,0,2,0,9679,-2.3760,0.3337,19.5681,-100.0000,-100.0000,8193.6449,6.4901,-17.501,2.3743,0.2203,4.9307,91.3421,0,1899,38.4030,2.4962
4h_n5,2,fractal,-,0,2,0.3,7833,-1.6538,0.3588,23.1712,-100.0000,-100.0000,8325.6017,6.4273,-15.589,1.6519,0.2565,3.9903,89.3527,1848,1896,38.4030,2.4962
4h_n5,2,fractal,-,0,2,0.5,5635,-1.3137,0.4028,26.3177,-99.9995,-99.9995,9021.9949,6.0557,-12.964,1.3164,0.3054,2.8706,85.6256,4053,1852,38.4030,2.4962
4h_n5,2,fractal,-,0,3,0,9382,-2.3176,0.3641,18.8659,-100.0000,-100.0000,8019.7081,8.8413,-15.965,2.3530,0.2219,4.7794,91.1852,0,2776,38.4030,2.4962
4h_n5,2,fractal,-,0,3,0.3,7600,-1.6172,0.3803,21.2368,-100.0000,-100.0000,7950.6861,8.7224,-14.107,1.6376,0.2582,3.8716,89.1711,1784,2769,38.4030,2.4962
4h_n5,2,fractal,-,0,3,0.5,5477,-1.2800,0.4188,22.4941,-99.9992,-99.9992,8453.4673,8.1218,-11.638,1.3048,0.3074,2.7901,85.3752,3922,2658,38.4030,2.4962
4h_n5,2,fractal,-,0.1,1.5,0,11782,-2.9795,0.2464,17.1024,-100.0000,-100.0000,7530.2937,5.4525,-20.238,2.9371,0.1998,6.0020,92.5225,0,1869,38.4030,2.4962
4h_n5,2,fractal,-,0.1,1.5,0.3,8673,-1.7152,0.2942,22.5182,-100.0000,-100.0000,7837.0891,5.3990,-17.521,1.6903,0.2494,4.4182,89.9689,3112,1862,38.4030,2.4962
4h_n5,2,fractal,-,0.1,1.5,0.5,6033,-1.3436,0.3278,27.3993,-99.9998,-99.9998,8242.3627,5.0992,-14.545,1.3196,0.3018,3.0734,86.0600,5755,1835,38.4030,2.4962
4h_n5,2,fractal,-,0.1,2,0,11585,-2.9424,0.3034,17.8248,-100.0000,-100.0000,7880.9662,6.9115,-19.061,2.9335,0.2006,5.9017,92.4903,0,2492,38.4030,2.4962
4h_n5,2,fractal,-,0.1,2,0.3,8537,-1.6973,0.3568,22.9940,-100.0000,-100.0000,8244.4057,6.8251,-16.212,1.6939,0.2502,4.3490,89.9379,3051,2484,38.4030,2.4962
4h_n5,2,fractal,-,0.1,2,0.5,5949,-1.3261,0.4036,26.4246,-99.9997,-99.9997,8946.4211,6.4007,-13.271,1.3260,0.3026,3.0306,86.0145,5646,2431,38.4030,2.4962
4h_n5,2,fractal,-,0.1,3,0,11192,-2.8758,0.3293,17.4321,-100.0000,-100.0000,7666.2304,9.5158,-17.385,2.9088,0.2023,5.7015,92.3338,0,3668,38.4030,2.4962
4h_n5,2,fractal,-,0.1,3,0.3,8260,-1.6602,0.3729,21.1622,-100.0000,-100.0000,7769.7403,9.3511,-14.615,1.6795,0.2520,4.2078,89.7458,2937,3652,38.4030,2.4962
4h_n5,2,fractal,-,0.1,3,0.5,5771,-1.2920,0.4172,22.6477,-99.9996,-99.9996,8323.9247,8.6589,-11.86,1.3146,0.3046,2.9399,85.7564,5448,3494,38.4030,2.4962
4h_n5,2,atr,1.5,0,1.5,0,8800,-2.3453,0.2738,19.5455,-100.0000,-100.0000,7766.1368,5.0632,-17.888,2.3153,0.2261,4.4829,91.0682,0,1133,38.8305,2.4177
4h_n5,2,atr,1.5,0,1.5,0.3,7183,-1.6242,0.2967,23.3886,-100.0000,-100.0000,7841.2157,5.0353,-16.19,1.6023,0.2621,3.6592,89.0993,1620,1132,38.8305,2.4177
4h_n5,2,atr,1.5,0,1.5,0.5,5267,-1.2983,0.3183,27.6818,-99.9991,-99.9991,8068.3925,4.8149,-13.815,1.2749,0.3093,2.6831,85.6275,3539,1124,38.8305,2.4177
4h_n5,2,atr,1.5,0,2,0,8667,-2.3162,0.3181,19.8685,-100.0000,-100.0000,7792.6151,6.4677,-16.831,2.3105,0.2270,4.4152,91.0119,0,1559,38.8305,2.4177
4h_n5,2,atr,1.5,0,2,0.3,7079,-1.6075,0.3403,23.3931,-100.0000,-100.0000,7817.7694,6.4193,-15.142,1.5974,0.2631,3.6062,89.0380,1591,1557,38.8305,2.4177
4h_n5,2,atr,1.5,0,2,0.5,5195,-1.2864,0.3766,26.3908,-99.9990,-99.9990,8328.9137,6.1036,-12.843,1.2728,0.3105,2.6465,85.5438,3480,1542,38.8305,2.4177
4h_n5,2,atr,1.5,0,3,0,8438,-2.2622,0.3469,19.2463,-100.0000,-100.0000,7607.2476,8.6605,-15.241,2.3012,0.2285,4.2985,90.8628,0,2282,38.8305,2.4177
4h_n5,2,atr,1.5,0,3,0.3,6893,-1.5701,0.3628,21.5581,-100.0000,-100.0000,7507.9869,8.5679,-13.589,1.5892,0.2649,3.5115,88.8583,1548,2280,38.8305,2.4177
4h_n5,2,atr,1.5,0,3,0.5,5064,-1.2494,0.4033,22.7488,-99.9984,-99.9984,8044.5179,8.0560,-11.323,1.2663,0.3126,2.5797,85.3081,3385,2237,38.8305,2.4177
4h_n5,2,atr,1.5,0.1,1.5,0,10556,-2.9153,0.2528,17.7245,-100.0000,-100.0000,7630.5426,5.3084,-19.381,2.8766,0.2056,5.3775,92.2319,0,1455,38.8305,2.4177
4h_n5,2,atr,1.5,0.1,1.5,0.3,7848,-1.6622,0.3005,23.1269,-100.0000,-100.0000,7907.7205,5.2685,-16.785,1.6408,0.2553,3.9980,89.6789,2712,1453,38.8305,2.4177
4h_n5,2,atr,1.5,0.1,1.5,0.5,5575,-1.3050,0.3242,27.8206,-99.9996,-99.9996,8140.6453,5.0174,-14.115,1.2825,0.3061,2.8400,85.9731,4988,1443,38.8305,2.4177
4h_n5,2,atr,1.5,0.1,2,0,10386,-2.8806,0.2937,18.1398,-100.0000,-100.0000,7617.2231,6.8233,-18.308,2.8685,0.2066,5.2909,92.1722,0,2002,38.8305,2.4177
4h_n5,2,atr,1.5,0.1,2,0.3,7724,-1.6443,0.3455,23.2522,-100.0000,-100.0000,7873.3592,6.7554,-15.666,1.6340,0.2565,3.9348,89.6038,2665,1999,38.8305,2.4177
4h_n5,2,atr,1.5,0.1,2,0.5,5491,-1.2953,0.3852,26.5161,-99.9995,-99.9995,8427.5180,6.3902,-13.075,1.2801,0.3076,2.7972,85.8678,4903,1979,38.8305,2.4177
4h_n5,2,atr,1.5,0.1,3,0,10077,-2.8263,0.3321,17.7632,-100.0000,-100.0000,7598.8332,9.3021,-16.574,2.8643,0.2078,5.1335,92.0512,0,2984,38.8305,2.4177
4h_n5,2,atr,1.5,0.1,3,0.3,7496,-1.6073,0.3774,21.4514,-100.0000,-100.0000,7660.7940,9.1698,-13.982,1.6274,0.2579,3.8186,89.4477,2584,2980,38.8305,2.4177
4h_n5,2,atr,1.5,0.1,3,0.5,5336,-1.2564,0.4175,22.8636,-99.9991,-99.9991,8168.1264,8.5679,-11.431,1.2750,0.3094,2.7183,85.6447,4753,2921,38.8305,2.4177
4h_n5,2,atr,2,0,1.5,0,7559,-2.2603,0.2748,20.7170,-100.0000,-100.0000,8087.1095,5.0105,-16.376,2.2407,0.2372,3.8507,90.1045,0,846,38.6338,2.0790
4h_n5,2,atr,2,0,1.5,0.3,6288,-1.5934,0.3010,24.3480,-99.9999,-99.9999,8198.3888,4.9885,-14.805,1.5781,0.2717,3.2033,88.1679,1274,846,38.6338,2.0790
4h_n5,2,atr,2,0,1.5,0.5,4722,-1.2799,0.3291,28.7378,-99.9965,-99.9965,8456.3364,4.8160,-12.677,1.2691,0.3177,2.4055,84.6463,2842,843,38.6338,2.0790
4h_n5,2,atr,2,0,2,0,7464,-2.2436,0.3212,20.6056,-100.0000,-100.0000,8098.6352,6.4158,-15.415,2.2479,0.2378,3.8023,90.1125,0,1170,38.6338,2.0790
4h_n5,2,atr,2,0,2,0.3,6205,-1.5873,0.3437,23.8678,-99.9999,-99.9999,8057.3759,6.3767,-13.835,1.5812,0.2725,3.1610,88.1708,1262,1169,38.6338,2.0790
4h_n5,2,atr,2,0,2,0.5,4664,-1.2815,0.3795,26.9082,-99.9963,-99.9963,8423.2048,6.1267,-11.857,1.2758,0.3187,2.3760,84.6269,2805,1165,38.6338,2.0790
4h_n5,2,atr,2,0,3,0,7271,-2.1900,0.3684,19.5159,-100.0000,-100.0000,8194.5959,8.6527,-13.819,2.2328,0.2399,3.7040,89.9051,0,1769,38.6338,2.0790
4h_n5,2,atr,2,0,3,0.3,6055,-1.5542,0.3833,21.5524,-99.9998,-99.9998,7998.7557,8.5725,-12.314,1.5701,0.2747,3.0846,87.9438,1219,1768,38.6338,2.0790
4h_n5,2,atr,2,0,3,0.5,4546,-1.2457,0.4144,22.7673,-99.9949,-99.9948,8224.1428,8.1679,-10.461,1.2579,0.3219,2.3158,84.2939,2730,1761,38.6338,2.0790
4h_n5,2,atr,2,0.1,1.5,0,9033,-2.8138,0.2680,18.8752,-100.0000,-100.0000,8116.3775,5.2385,-17.774,2.7917,0.2158,4.6016,91.3982,0,1086,38.6338,2.0790
4h_n5,2,atr,2,0.1,1.5,0.3,6874,-1.6291,0.3090,24.1635,-100.0000,-100.0000,8374.1389,5.1948,-15.39,1.6194,0.2644,3.5018,88.8129,2163,1083,38.6338,2.0790
4h_n5,2,atr,2,0.1,1.5,0.5,5008,-1.2867,0.3386,28.9337,-99.9981,-99.9981,8622.5166,4.9975,-12.982,1.2780,0.3141,2.5512,85.0639,4031,1079,38.6338,2.0790
4h_n5,2,atr,2,0.1,2,0,8898,-2.7842,0.3155,19.0267,-100.0000,-100.0000,8187.3784,6.7887,-16.777,2.7899,0.2164,4.5329,91.4026,0,1521,38.6338,2.0790
4h_n5,2,atr,2,0.1,2,0.3,6773,-1.6180,0.3532,23.9333,-100.0000,-100.0000,8262.7673,6.7032,-14.352,1.6186,0.2654,3.4503,88.8085,2131,1510,38.6338,2.0790
4h_n5,2,atr,2,0.1,2,0.5,4938,-1.2893,0.3891,27.1770,-99.9979,-99.9979,8584.9507,6.4145,-12.104,1.2833,0.3153,2.5155,85.0344,3968,1505,38.6338,2.0790
4h_n5,2,atr,2,0.1,3,0,8638,-2.7142,0.3596,18.3955,-100.0000,-100.0000,8256.9111,9.3014,-14.904,2.7694,0.2186,4.4004,91.2132,0,2314,38.6338,2.0790
4h_n5,2,atr,2,0.1,3,0.3,6596,-1.5818,0.3968,21.7859,-99.9999,-99.9999,8216.3553,9.1566,-12.61,1.6094,0.2674,3.3602,88.5992,2048,2303,38.6338,2.0790
4h_n5,2,atr,2,0.1,3,0.5,4808,-1.2507,0.4270,23.0241,-99.9968,-99.9968,8383.0407,8.6701,-10.532,1.2681,0.3182,2.4493,84.7338,3840,2291,38.6338,2.0790
4h_n5,2,atr,3,0,1.5,0,5585,-2.1178,0.3061,23.1513,-99.9994,-99.9994,9154.3035,4.2347,-13.848,2.1046,0.2625,2.8451,87.9678,0,383,36.4759,1.1839
4h_n5,2,atr,3,0,1.5,0.3,4739,-1.4700,0.3371,26.6934,-99.9958,-99.9958,9383.8244,4.2196,-12.431,1.4754,0.2974,2.4142,85.8198,847,383,36.4759,1.1839
4h_n5,2,atr,3,0,1.5,0.5,3735,-1.1859,0.3514,30.4953,-99.9632,-99.9628,9265.9296,4.1306,-10.872,1.1959,0.3407,1.9027,82.4632,1853,383,36.4759,1.1839
4h_n5,2,atr,3,0,2,0,5510,-2.0977,0.3421,22.5953,-99.9993,-99.9993,8965.4566,5.6118,-12.66,2.1028,0.2634,2.8069,87.8766,0,617,36.4759,1.1839
4h_n5,2,atr,3,0,2,0.3,4671,-1.4619,0.3736,25.7761,-99.9955,-99.9954,9125.9200,5.5871,-11.255,1.4725,0.2987,2.3795,85.6990,840,617,36.4759,1.1839
4h_n5,2,atr,3,0,2,0.5,3681,-1.1840,0.3924,28.4162,-99.9624,-99.9615,9076.9543,5.4517,-9.81,1.1939,0.3422,1.8752,82.2874,1832,616,36.4759,1.1839
4h_n5,2,atr,3,0,3,0,5385,-2.0536,0.4491,20.5385,-99.9987,-99.9986,10191.7037,8.0026,-11.014,2.0952,0.2651,2.7433,87.7623,0,1030,36.4759,1.1839
4h_n5,2,atr,3,0,3,0.3,4566,-1.4241,0.4808,22.7770,-99.9919,-99.9918,10391.9867,7.9561,-9.658,1.4647,0.3006,2.3260,85.5672,820,1030,36.4759,1.1839
4h_n5,2,atr,3,0,3,0.5,3592,-1.1480,0.4951,23.9699,-99.9394,-99.9376,10243.3484,7.7173,-8.301,1.1873,0.3448,1.8299,82.0991,1796,1029,36.4759,1.1839
4h_n5,2,atr,3,0.1,1.5,0,6573,-2.5567,0.3006,21.4666,-99.9999,-99.9999,9233.6682,4.4253,-15.007,2.5397,0.2427,3.3484,89.2895,0,467,36.4759,1.1839
4h_n5,2,atr,3,0.1,1.5,0.3,5198,-1.4933,0.3539,26.4717,-99.9984,-99.9984,9801.1825,4.4042,-12.937,1.5009,0.2901,2.6480,86.5333,1376,467,36.4759,1.1839
4h_n5,2,atr,3,0.1,1.5,0.5,3992,-1.1846,0.3658,30.5110,-99.9791,-99.9788,9493.2179,4.2981,-11.22,1.1901,0.3369,2.0336,82.9409,2584,467,36.4759,1.1839
4h_n5,2,atr,3,0.1,2,0,6486,-2.5310,0.3342,21.2920,-99.9999,-99.9999,9039.0897,5.8858,-13.806,2.5392,0.2434,3.3041,89.2229,0,749,36.4759,1.1839
4h_n5,2,atr,3,0.1,2,0.3,5125,-1.4819,0.3898,25.8341,-99.9982,-99.9981,9505.9870,5.8520,-11.736,1.4985,0.2912,2.6108,86.4390,1362,749,36.4759,1.1839
4h_n5,2,atr,3,0.1,2,0.5,3934,-1.1793,0.4046,28.6223,-99.9778,-99.9773,9260.3350,5.6909,-10.111,1.1878,0.3383,2.0041,82.7911,2555,748,36.4759,1.1839
4h_n5,2,atr,3,0.1,3,0,6329,-2.4810,0.4399,19.5292,-99.9998,-99.9998,10202.4064,8.5390,-12.052,2.5335,0.2450,3.2241,89.1136,0,1285,36.4759,1.1839
4h_n5,2,atr,3,0.1,3,0.3,5002,-1.4415,0.4968,22.8309,-99.9967,-99.9966,10752.3403,8.4733,-10.1,1.4856,0.2931,2.5481,86.3055,1328,1285,36.4759,1.1839
4h_n5,2,atr,3,0.1,3,0.5,3835,-1.1382,0.5084,24.0678,-99.9635,-99.9625,10468.6778,8.1797,-8.577,1.1755,0.3409,1.9536,82.6076,2497,1284,36.4759,1.1839
4h_n5,3,fractal,-,0,1.5,0,7079,-2.3261,0.2754,19.7344,-100.0000,-100.0000,8172.5483,4.3515,-17.009,2.2983,0.2316,3.6062,90.5354,0,812,38.4030,2.4962
4h_n5,3,fractal,-,0,1.5,0.3,5842,-1.6383,0.2964,23.2797,-99.9998,-99.9998,8209.8256,4.3293,-15.32,1.6173,0.2666,2.9761,88.5827,1238,812,38.4030,2.4962
4h_n5,3,fractal,-,0,1.5,0.5,4336,-1.3116,0.3262,27.7214,-99.9936,-99.9935,8542.7427,4.1541,-12.903,1.2840,0.3147,2.2089,84.9862,2747,803,38.4030,2.4962
4h_n5,3,fractal,-,0,2,0,6987,-2.3084,0.3293,20.0086,-100.0000,-100.0000,8414.0810,5.5124,-15.952,2.3024,0.2322,3.5593,90.5539,0,1102,38.4030,2.4962
4h_n5,3,fractal,-,0,2,0.3,5764,-1.6326,0.3480,23.3171,-99.9997,-99.9997,8369.7355,5.4748,-14.241,1.6222,0.2673,2.9363,88.6017,1224,1101,38.4030,2.4962
4h_n5,3,fractal,-,0,2,0.5,4281,-1.3033,0.3912,26.4424,-99.9921,-99.9921,8931.1272,5.2285,-11.841,1.2906,0.3156,2.1808,84.9801,2711,1088,38.4030,2.4962
4h_n5,3,fractal,-,0,3,0,6827,-2.2432,0.4076,19.0860,-100.0000,-100.0000,9102.5354,7.4348,-14.281,2.2836,0.2337,3.4778,90.4057,0,1605,38.4030,2.4962
4h_n5,3,fractal,-,0,3,0.3,5639,-1.5891,0.4195,21.4222,-99.9995,-99.9995,8908.3348,7.3634,-12.622,1.6130,0.2688,2.8726,88.4377,1189,1602,38.4030,2.4962
4h_n5,3,fractal,-,0,3,0.5,4186,-1.2521,0.4622,22.8380,-99.9878,-99.9878,9475.9876,6.9607,-10.302,1.2758,0.3178,2.1325,84.7348,2647,1564,38.4030,2.4962
4h_n5,3,fractal,-,0.1,1.5,0,8448,-2.8846,0.2597,17.8741,-100.0000,-100.0000,8066.0182,4.5804,-18.528,2.8391,0.2116,4.3036,91.7259,0,1040,38.4030,2.4962
4h_n5,3,fractal,-,0.1,1.5,0.3,6394,-1.6903,0.2974,22.8339,-99.9999,-99.9999,8211.1570,4.5479,-15.988,1.6634,0.2598,3.2573,89.1930,2055,1039,38.4030,2.4962
4h_n5,3,fractal,-,0.1,1.5,0.5,4592,-1.3271,0.3288,27.6786,-99.9966,-99.9966,8508.8497,4.3522,-13.305,1.2917,0.3119,2.3393,85.3441,3860,1028,38.4030,2.4962
4h_n5,3,fractal,-,0.1,2,0,8340,-2.8623,0.3121,18.2374,-100.0000,-100.0000,8300.6883,5.8091,-17.382,2.8402,0.2121,4.2486,91.7506,0,1402,38.4030,2.4962
4h_n5,3,fractal,-,0.1,2,0.3,6309,-1.6837,0.3514,22.9989,-99.9999,-99.9999,8407.4953,5.7552,-14.764,1.6685,0.2604,3.2140,89.2217,2032,1400,38.4030,2.4962
4h_n5,3,fractal,-,0.1,2,0.5,4531,-1.3180,0.3972,26.4180,-99.9957,-99.9957,8957.3444,5.4745,-12.098,1.2977,0.3129,2.3082,85.3454,3814,1383,38.4030,2.4962
4h_n5,3,fractal,-,0.1,3,0,8122,-2.7886,0.3794,17.6927,-100.0000,-100.0000,8744.7510,7.9240,-15.564,2.8134,0.2137,4.1375,91.6031,0,2090,38.4030,2.4962
4h_n5,3,fractal,-,0.1,3,0.3,6159,-1.6416,0.4125,21.2210,-99.9999,-99.9999,8694.0389,7.8200,-13.068,1.6593,0.2619,3.1375,89.0567,1964,2085,38.4030,2.4962
4h_n5,3,fractal,-,0.1,3,0.5,4419,-1.2649,0.4601,22.8785,-99.9929,-99.9928,9302.2306,7.3535,-10.454,1.2830,0.3153,2.2511,85.0871,3713,2024,38.4030,2.4962
4h_n5,3,atr,1.5,0,1.5,0,6697,-2.2810,0.2794,20.1881,-100.0000,-100.0000,8252.1890,4.2464,-16.64,2.2494,0.2338,3.4116,90.5480,0,729,38.8305,2.4177
4h_n5,3,atr,1.5,0,1.5,0.3,5583,-1.6263,0.3004,23.6074,-99.9996,-99.9996,8317.3870,4.2267,-15.046,1.6014,0.2670,2.8441,88.7337,1115,729,38.8305,2.4177
4h_n5,3,atr,1.5,0,1.5,0.5,4158,-1.3152,0.3293,27.9702,-99.9904,-99.9904,8645.8940,4.0660,-12.683,1.2866,0.3137,2.1182,85.2573,2543,722,38.8305,2.4177
4h_n5,3,atr,1.5,0,2,0,6606,-2.2636,0.3244,20.3149,-100.0000,-100.0000,8252.8245,5.4581,-15.66,2.2478,0.2346,3.3653,90.5238,0,1029,38.8305,2.4177
4h_n5,3,atr,1.5,0,2,0.3,5504,-1.6177,0.3427,23.4920,-99.9996,-99.9996,8221.4259,5.4246,-14.075,1.5971,0.2680,2.8039,88.6991,1103,1028,38.8305,2.4177
4h_n5,3,atr,1.5,0,2,0.5,4101,-1.3082,0.3836,26.4570,-99.9899,-99.9899,8742.3843,5.1950,-11.787,1.2841,0.3150,2.0891,85.1987,2509,1018,38.8305,2.4177
4h_n5,3,atr,1.5,0,3,0,6454,-2.2145,0.4025,19.1199,-99.9999,-99.9999,8894.6363,7.3507,-14.063,2.2397,0.2360,3.2878,90.3936,0,1491,38.8305,2.4177
4h_n5,3,atr,1.5,0,3,0.3,5382,-1.5844,0.4147,21.2560,-99.9993,-99.9993,8721.2320,7.2856,-12.527,1.5952,0.2694,2.7417,88.5544,1073,1490,38.8305,2.4177
4h_n5,3,atr,1.5,0,3,0.5,4007,-1.2690,0.4539,22.5855,-99.9850,-99.9850,9215.7588,6.9136,-10.272,1.2798,0.3172,2.0413,84.9763,2451,1470,38.8305,2.4177
4h_n5,3,atr,1.5,0.1,1.5,0,7990,-2.8594,0.2650,18.2353,-100.0000,-100.0000,8163.1665,4.4418,-18.129,2.8098,0.2135,4.0703,91.7146,0,920,38.8305,2.4177
4h_n5,3,atr,1.5,0.1,1.5,0.3,6098,-1.6745,0.3033,23.1223,-99.9999,-99.9999,8338.0397,4.4123,-15.679,1.6436,0.2604,3.1065,89.2916,1894,920,38.8305,2.4177
4h_n5,3,atr,1.5,0.1,1.5,0.5,4402,-1.3260,0.3341,27.8737,-99.9949,-99.9949,8654.8189,4.2315,-13.046,1.2892,0.3111,2.2425,85.5747,3593,912,38.8305,2.4177
4h_n5,3,atr,1.5,0.1,2,0,7884,-2.8405,0.3090,18.4678,-100.0000,-100.0000,8167.0151,5.7220,-17.063,2.8079,0.2141,4.0163,91.7047,0,1283,38.8305,2.4177
4h_n5,3,atr,1.5,0.1,2,0.3,6013,-1.6669,0.3484,23.1332,-99.9999,-99.9999,8273.8828,5.6737,-14.562,1.6401,0.2613,3.0632,89.2732,1872,1282,38.8305,2.4177
4h_n5,3,atr,1.5,0.1,2,0.5,4340,-1.3201,0.3924,26.3825,-99.9945,-99.9945,8814.3297,5.4109,-12.008,1.2864,0.3124,2.2109,85.5300,3548,1270,38.8305,2.4177
4h_n5,3,atr,1.5,0.1,3,0,7685,-2.7911,0.3748,17.6448,-100.0000,-100.0000,8557.8202,7.8023,-15.365,2.8024,0.2154,3.9149,91.5810,0,1901,38.8305,2.4177
4h_n5,3,atr,1.5,0.1,3,0.3,5867,-1.6341,0.4085,21.0329,-99.9998,-99.9998,8488.1822,7.7077,-12.966,1.6378,0.2627,2.9888,89.1256,1819,1900,38.8305,2.4177
4h_n5,3,atr,1.5,0.1,3,0.5,4229,-1.2799,0.4533,22.5585,-99.9913,-99.9912,9045.5126,7.2742,-10.434,1.2817,0.3147,2.1544,85.2920,3462,1868,38.8305,2.4177
4h_n5,3,atr,2,0,1.5,0,5986,-2.2196,0.2780,20.5145,-99.9998,-99.9998,8497.1649,4.2643,-15.584,2.1964,0.2429,3.0494,89.6759,0,597,38.6338,2.0790
4h_n5,3,atr,2,0,1.5,0.3,5046,-1.6109,0.3049,23.8208,-99.9987,-99.9987,8648.6910,4.2477,-14.115,1.5869,0.2754,2.5706,87.8121,943,597,38.6338,2.0790
4h_n5,3,atr,2,0,1.5,0.5,3834,-1.3165,0.3348,28.0125,-99.9803,-99.9802,8940.2919,4.1167,-12.048,1.2859,0.3212,1.9531,84.2723,2158,594,38.6338,2.0790
4h_n5,3,atr,2,0,2,0,5911,-2.2047,0.3401,20.5041,-99.9998,-99.9998,8851.9603,5.5059,-14.603,2.2066,0.2435,3.0112,89.6803,0,853,38.6338,2.0790
4h_n5,3,atr,2,0,2,0.3,4978,-1.6055,0.3648,23.4431,-99.9985,-99.9985,8893.1298,5.4807,-13.112,1.5935,0.2763,2.5359,87.8063,936,853,38.6338,2.0790
4h_n5,3,atr,2,0,2,0.5,3780,-1.3137,0.4050,26.3492,-99.9777,-99.9776,9361.7097,5.2917,-11.112,1.2938,0.3226,1.9256,84.2063,2137,849,38.6338,2.0790
4h_n5,3,atr,2,0,3,0,5784,-2.1565,0.4198,19.3638,-99.9997,-99.9997,9532.7651,7.4225,-13.19,2.1915,0.2452,2.9465,89.5055,0,1244,38.6338,2.0790
4h_n5,3,atr,2,0,3,0.3,4877,-1.5707,0.4398,21.2221,-99.9980,-99.9980,9464.8180,7.3668,-11.756,1.5793,0.2781,2.4845,87.6153,910,1244,38.6338,2.0790
4h_n5,3,atr,2,0,3,0.5,3697,-1.2681,0.4766,22.5047,-99.9720,-99.9718,9871.9708,7.0497,-9.8,1.2719,0.3254,1.8833,83.9329,2093,1237,38.6338,2.0790
4h_n5,3,atr,2,0.1,1.5,0,7128,-2.7870,0.2631,18.6308,-100.0000,-100.0000,8393.5946,4.4515,-16.991,2.7556,0.2218,3.6312,90.9371,0,737,38.6338,2.0790
4h_n5,3,atr,2,0.1,1.5,0.3,5522,-1.6517,0.3066,23.4516,-99.9996,-99.9996,8698.9345,4.4223,-14.685,1.6290,0.2684,2.8130,88.4281,1609,736,38.6338,2.0790
4h_n5,3,atr,2,0.1,1.5,0.5,4072,-1.3256,0.3385,27.9961,-99.9889,-99.9888,8987.6211,4.2729,-12.367,1.2921,0.3178,2.0744,84.6513,3062,732,38.6338,2.0790
4h_n5,3,atr,2,0.1,2,0,7039,-2.7686,0.3266,18.9089,-100.0000,-100.0000,8779.4643,5.7607,-15.892,2.7637,0.2223,3.5858,90.9504,0,1046,38.6338,2.0790
4h_n5,3,atr,2,0.1,2,0.3,5450,-1.6462,0.3699,23.3761,-99.9995,-99.9995,8979.9518,5.7177,-13.52,1.6353,0.2691,2.7764,88.4404,1592,1045,38.6338,2.0790
4h_n5,3,atr,2,0.1,2,0.5,4015,-1.3224,0.4107,26.4757,-99.9872,-99.9871,9419.8564,5.4991,-11.3,1.2993,0.3191,2.0453,84.6077,3030,1040,38.6338,2.0790
4h_n5,3,atr,2,0.1,3,0,6869,-2.7139,0.4035,18.2850,-100.0000,-100.0000,9385.5494,7.8990,-14.151,2.7508,0.2240,3.4992,90.7992,0,1572,38.6338,2.0790
4h_n5,3,atr,2,0.1,3,0.3,5326,-1.6069,0.4438,21.3669,-99.9992,-99.9992,9476.9654,7.8122,-11.939,1.6229,0.2709,2.7132,88.2651,1546,1571,38.6338,2.0790
4h_n5,3,atr,2,0.1,3,0.5,3917,-1.2735,0.4828,22.7470,-99.9820,-99.9818,9890.9386,7.4412,-9.805,1.2790,0.3218,1.9954,84.3503,2959,1560,38.6338,2.0790
4h_n5,3,atr,3,0,1.5,0,4631,-2.0676,0.2853,22.9972,-99.9962,-99.9962,8953.8264,3.7833,-13.319,2.0459,0.2683,2.3591,87.5189,0,296,36.4759,1.1839
4h_n5,3,atr,3,0,1.5,0.3,3986,-1.4917,0.3102,26.2418,-99.9834,-99.9834,9059.0385,3.7718,-11.999,1.4782,0.3009,2.0306,85.4992,646,296,36.4759,1.1839
4h_n5,3,atr,3,0,1.5,0.5,3180,-1.2167,0.3275,29.6855,-99.9063,-99.9058,8984.0954,3.7056,-10.509,1.2010,0.3426,1.6200,82.2642,1454,296,36.4759,1.1839
4h_n5,3,atr,3,0,2,0,4584,-2.0524,0.3368,22.3168,-99.9959,-99.9959,9036.3147,4.9093,-12.248,2.0476,0.2689,2.3352,87.4564,0,464,36.4759,1.1839
4h_n5,3,atr,3,0,2,0.3,3944,-1.4892,0.3607,25.1775,-99.9831,-99.9830,9066.7311,4.8916,-10.966,1.4785,0.3017,2.0092,85.4209,641,464,36.4759,1.1839
4h_n5,3,atr,3,0,2,0.5,3144,-1.2164,0.3845,27.4809,-99.9065,-99.9051,9097.0185,4.7880,-9.576,1.1994,0.3437,1.6016,82.1247,1443,463,36.4759,1.1839
4h_n5,3,atr,3,0,3,0,4485,-2.0101,0.4282,20.0000,-99.9938,-99.9937,9841.3632,6.9630,-10.773,2.0391,0.2702,2.2848,87.3802,0,764,36.4759,1.1839
4h_n5,3,atr,3,0,3,0.3,3861,-1.4580,0.4511,21.9114,-99.9760,-99.9756,9845.3976,6.9261,-9.566,1.4727,0.3029,1.9669,85.3406,625,764,36.4759,1.1839
4h_n5,3,atr,3,0,3,0.5,3076,-1.1874,0.4734,22.9194,-99.8764,-99.8733,9866.0464,6.7394,-8.293,1.1957,0.3455,1.5670,82.0221,1412,763,36.4759,1.1839
4h_n5,3,atr,3,0.1,1.5,0,5448,-2.5282,0.2754,21.2188,-99.9994,-99.9994,8966.3428,3.9311,-14.545,2.4939,0.2483,2.7753,88.8767,0,351,36.4759,1.1839
4h_n5,3,atr,3,0.1,1.5,0.3,4382,-1.5221,0.3202,25.8101,-99.9934,-99.9934,9330.0237,3.9139,-12.561,1.5046,0.2934,2.2323,86.2620,1067,351,36.4759,1.1839
4h_n5,3,atr,3,0.1,1.5,0.5,3407,-1.2170,0.3355,29.5274,-99.9461,-99.9458,9092.4560,3.8326,-10.868,1.1935,0.3386,1.7356,82.8001,2044,351,36.4759,1.1839
4h_n5,3,atr,3,0.1,2,0,5394,-2.5104,0.3268,20.8565,-99.9994,-99.9994,9054.9877,5.1272,-13.401,2.4957,0.2489,2.7478,88.8209,0,552,36.4759,1.1839
4h_n5,3,atr,3,0.1,2,0.3,4338,-1.5193,0.3711,25.0115,-99.9931,-99.9930,9304.2527,5.1011,-11.482,1.5051,0.2940,2.2099,86.1918,1057,552,36.4759,1.1839
4h_n5,3,atr,3,0.1,2,0.5,3369,-1.2147,0.3912,27.4859,-99.9452,-99.9444,9160.4495,4.9755,-9.9,1.1917,0.3397,1.7163,82.6655,2028,551,36.4759,1.1839
4h_n5,3,atr,3,0.1,3,0,5271,-2.4595,0.4189,18.8769,-99.9989,-99.9989,9841.9061,7.3920,-11.763,2.4843,0.2502,2.6852,88.7498,0,947,36.4759,1.1839
4h_n5,3,atr,3,0.1,3,0.3,4241,-1.4767,0.4624,21.7873,-99.9898,-99.9897,10053.5853,7.3386,-9.997,1.4871,0.2955,2.1605,86.1118,1031,947,36.4759,1.1839
4h_n5,3,atr,3,0.1,3,0.5,3293,-1.1705,0.4843,22.9578,-99.9240,-99.9221,10017.9009,7.1147,-8.538,1.1751,0.3416,1.6775,82.5691,1981,946,36.4759,1.1839
